trial,attempt,time_played,level_size_y,player_pos,collision,current_input,drift_enabled,current_drift,level_done,input_noise_magnitude,input_noise_on,visible_obstacles,last_walls_tile,adjacent_wall_tiles_x_pos,visible_drift_tiles,SoC,action_goal_selected,action_goal_x,action_goal_y
5,2,2.3603439331054688e-05,13518,"[954, -86]",False,Right,False,0.0,False,1,False,[],"[1332, 13500]",,[],,True,1000,565
5,2,0.023773908615112305,13518,"[954, -82]",False,Right,False,0.0,False,1,False,[],"[1332, 13500]",,[],,False,1000,565
5,2,0.03983926773071289,13518,"[954, -78]",False,Right,False,0.0,False,1,False,[],"[1332, 13500]",,[],,False,1000,565
5,2,0.0562589168548584,13518,"[954, -74]",False,Right,False,0.0,False,1,False,[],"[1332, 13500]",,[],,False,1000,565
5,2,0.07169342041015625,13518,"[954, -70]",False,Right,False,0.0,False,1,False,[],"[1332, 13500]",,[],,False,1000,565
5,2,0.0882265567779541,13518,"[954, -66]",False,Right,False,0.0,False,1,False,[],"[1332, 13500]",,[],,False,1000,565
5,2,0.10366964340209961,13518,"[954, -62]",False,Right,False,0.0,False,1,False,[],"[1332, 13500]",,[],,False,1000,565
5,2,0.11986041069030762,13518,"[954, -58]",False,Right,False,0.0,False,1,False,[],"[1332, 13500]",,[],,False,1000,565
5,2,0.1358661651611328,13518,"[954, -54]",False,Right,False,0.0,False,1,False,[],"[1332, 13500]",,[],,False,1000,565
5,2,0.15217137336730957,13518,"[954, -50]",False,Right,False,0.0,False,1,False,[],"[1332, 13500]",,[],,False,1000,565
5,2,0.1685473918914795,13518,"[954, -46]",False,Right,False,0.0,False,1,False,[],"[1332, 13500]",,[],,False,1000,565
5,2,0.18526601791381836,13518,"[954, -42]",False,Right,False,0.0,False,1,False,[],"[1332, 13500]",,[],,False,1000,565
5,2,0.20090317726135254,13518,"[954, -38]",False,Right,False,0.0,False,1,False,[],"[1332, 13500]",,[],,False,1000,565
5,2,0.21668076515197754,13518,"[954, -34]",False,Right,False,0.0,False,1,False,[],"[1332, 13500]",,[],,False,1000,565
5,2,0.23320817947387695,13518,"[954, -30]",False,Right,False,0.0,False,1,False,[],"[1332, 13500]",,[],,False,1000,565
5,2,0.24903273582458496,13518,"[954, -26]",False,Right,False,0.0,False,1,False,[],"[1332, 13500]",,[],,False,1000,565
5,2,0.2647066116333008,13518,"[954, -22]",False,Right,False,0.0,False,1,False,[],"[1332, 13500]",,[],,False,1000,565
5,2,0.281097412109375,13518,"[954, -18]",False,Right,False,0.0,False,1,False,[],"[1332, 13500]",,[],,False,1000,565
5,2,0.2975187301635742,13518,"[954, -14]",False,Right,False,0.0,False,1,False,[],"[1332, 13500]",,[],,False,1000,565
5,2,0.31436753273010254,13518,"[954, -10]",False,Right,False,0.0,False,1,False,[],"[1332, 13500]",,[],,False,1000,565
5,2,0.3304324150085449,13518,"[954, -6]",False,Right,False,0.0,False,1,False,[],"[1332, 13500]",,[],,False,1000,565
5,2,0.3461928367614746,13518,"[954, -2]",False,Right,False,0.0,False,1,False,[],"[1332, 13500]",,[],,False,1000,565
5,2,0.3619110584259033,13518,"[954, 2]",False,Right,False,0.0,False,1,True,[],"[1332, 13500]",,[],,False,1000,565
5,2,0.3785440921783447,13518,"[954, 6]",False,Right,False,0.0,False,1,True,[],"[1332, 13500]",,[],,False,1000,565
5,2,0.3957796096801758,13518,"[954, 10]",False,Right,False,0.0,False,1,True,[],"[1332, 13500]",,[],,False,1000,565
5,2,0.4121847152709961,13518,"[954, 14]",False,Right,False,0.0,False,1,True,[],"[1332, 13500]",,[],,False,1000,565
5,2,0.4277946949005127,13518,"[954, 18]",False,Right,False,0.0,False,1,True,[],"[1332, 13500]",,[],,False,1000,565
5,2,0.444108247756958,13518,"[954, 22]",False,Right,False,0.0,False,1,True,[],"[1332, 13500]",,[],,False,1000,565
5,2,0.45890045166015625,13518,"[954, 26]",False,Right,False,0.0,False,1,True,[],"[1332, 13500]",,[],,False,1000,565
5,2,0.475008487701416,13518,"[954, 30]",False,Right,False,0.0,False,1,True,[],"[1332, 13500]",,[],,False,1000,565
5,2,0.49149608612060547,13518,"[954, 34]",False,Right,False,0.0,False,1,True,[],"[1332, 13500]",,[],,False,1000,565
5,2,0.5076186656951904,13518,"[954, 38]",False,Right,False,0.0,False,1,True,[],"[1332, 13500]",,[],,False,1000,565
5,2,0.5239725112915039,13518,"[954, 42]",False,Right,False,0.0,False,1,True,[],"[1332, 13500]",,[],,False,1000,565
5,2,0.5405576229095459,13518,"[954, 46]",False,Right,False,0.0,False,1,True,[],"[1332, 13500]",,[],,False,1000,565
5,2,0.5568399429321289,13518,"[954, 50]",False,Right,False,0.0,False,1,True,[],"[1332, 13500]",,[],,False,1000,565
5,2,0.5735626220703125,13518,"[954, 54]",False,Right,False,0.0,False,1,True,[],"[1332, 13500]",,[],,False,1000,565
5,2,0.5903198719024658,13518,"[954, 58]",False,Right,False,0.0,False,1,True,[],"[1332, 13500]",,[],,False,1000,565
5,2,0.6059355735778809,13518,"[954, 62]",False,Right,False,0.0,False,1,True,[],"[1332, 13500]",,[],,False,1000,565
5,2,0.6219627857208252,13518,"[954, 66]",False,Right,False,0.0,False,1,True,[],"[1332, 13500]",,[],,False,1000,565
5,2,0.6384809017181396,13518,"[954, 70]",False,Right,False,0.0,False,1,True,[],"[1332, 13500]",,[],,False,1000,565
5,2,0.6546072959899902,13518,"[954, 74]",False,Right,False,0.0,False,1,True,[],"[1332, 13500]",,[],,False,1000,565
5,2,0.670961856842041,13518,"[954, 78]",False,Right,False,0.0,False,1,True,[],"[1332, 13500]",,[],,False,1000,565
5,2,0.6869878768920898,13518,"[954, 82]",False,Right,False,0.0,False,1,True,[],"[1332, 13500]",,[],,False,1000,565
5,2,0.7028906345367432,13518,"[954, 86]",False,Right,False,0.0,False,1,True,[],"[1332, 13500]",,[],,False,1000,565
5,2,0.7186346054077148,13518,"[954, 90]",False,Right,False,0.0,False,1,True,[],"[1332, 13500]",,[],,False,1000,565
5,2,0.7355327606201172,13518,"[954, 94]",False,Right,False,0.0,False,1,True,[],"[1332, 13500]",,[],,False,1000,565
5,2,0.75242018699646,13518,"[954, 98]",False,Right,False,0.0,False,1,True,[],"[1332, 13500]",,[],,False,1000,565
5,2,0.7684111595153809,13518,"[954, 102]",False,Right,False,0.0,False,1,True,[],"[1332, 13500]",,[],,False,1000,565
5,2,0.7836220264434814,13518,"[954, 106]",False,Right,False,0.0,False,1,True,[],"[1332, 13500]",,[],,False,1000,565
5,2,0.7996573448181152,13518,"[954, 110]",False,Right,False,0.0,False,1,True,[],"[1332, 13500]",,[],,False,1000,565
5,2,0.8181483745574951,13518,"[954, 114]",False,Right,False,0.0,False,1,True,[],"[1332, 13500]",,[],,False,1000,565
5,2,0.8338215351104736,13518,"[954, 118]",False,Right,False,0.0,False,1,True,[],"[1332, 13500]",,[],,False,1000,565
5,2,0.8504972457885742,13518,"[954, 122]",False,Right,False,0.0,False,1,True,[],"[1332, 13500]",,[],,False,1000,565
5,2,0.866865873336792,13518,"[954, 126]",False,Right,False,0.0,False,1,True,[],"[1332, 13500]",,[],,False,1000,565
5,2,0.8829922676086426,13518,"[954, 130]",False,Right,False,0.0,False,1,True,[],"[1332, 13500]",,[],,False,1000,565
5,2,0.8991904258728027,13518,"[954, 134]",False,Right,False,0.0,False,1,True,[],"[1332, 13500]",,[],,False,1000,565
5,2,0.9152898788452148,13518,"[954, 138]",False,Right,False,0.0,False,1,True,[],"[1332, 13500]",,[],,False,1000,565
5,2,0.931154727935791,13518,"[954, 142]",False,Right,False,0.0,False,1,True,[],"[1332, 13500]",,[],,False,1000,565
5,2,0.9468982219696045,13518,"[954, 146]",False,Right,False,0.0,False,1,True,[],"[1332, 13500]",,[],,False,1000,565
5,2,0.9628434181213379,13518,"[954, 150]",False,Right,False,0.0,False,1,True,[],"[1332, 13500]",,[],,False,1000,565
5,2,0.9789278507232666,13518,"[954, 154]",False,Right,False,0.0,False,1,True,[],"[1332, 13500]",,[],,False,1000,565
5,2,0.9955394268035889,13518,"[954, 158]",False,Right,False,0.0,False,1,True,[],"[1332, 13500]",,[],,False,1000,565
5,2,1.0121979713439941,13518,"[954, 162]",False,Right,False,0.0,False,1,True,[],"[1332, 13500]",,[],,False,1000,565
5,2,1.0278375148773193,13518,"[954, 166]",False,Right,False,0.0,False,1,True,[],"[1332, 13500]",,[],,False,1000,565
5,2,1.0435869693756104,13518,"[954, 170]",False,Right,False,0.0,False,1,True,[],"[1332, 13500]",,[],,False,1000,565
5,2,1.0605099201202393,13518,"[954, 174]",False,Right,False,0.0,False,1,True,[],"[1332, 13500]",,[],,False,1000,565
5,2,1.0788683891296387,13518,"[954, 178]",False,Right,False,0.0,False,1,True,[],"[1332, 13500]",,[],,False,1000,565
5,2,1.0946691036224365,13518,"[954, 182]",False,Right,False,0.0,False,1,True,[],"[1332, 13500]",,[],,False,1000,565
5,2,1.1108720302581787,13518,"[954, 186]",False,Right,False,0.0,False,1,True,[],"[1332, 13500]",,[],,False,1000,565
5,2,1.1267602443695068,13518,"[954, 190]",False,Right,False,0.0,False,1,True,[],"[1332, 13500]",,[],,False,1000,565
5,2,1.1426830291748047,13518,"[954, 194]",False,Right,False,0.0,False,1,True,[],"[1332, 13500]",,[],,False,1000,565
5,2,1.1594924926757812,13518,"[954, 198]",False,Right,False,0.0,False,1,True,[],"[1332, 13500]",,[],,False,1000,565
5,2,1.1762502193450928,13518,"[954, 202]",False,Right,False,0.0,False,1,True,[],"[1332, 13500]",,[],,False,1000,565
5,2,1.1921050548553467,13518,"[954, 206]",False,Right,False,0.0,False,1,True,[],"[1332, 13500]",,[],,False,1000,565
5,2,1.2084300518035889,13518,"[954, 210]",False,Right,False,0.0,False,1,True,[],"[1332, 13500]",,[],,False,1000,565
5,2,1.2240815162658691,13518,"[954, 214]",False,Right,False,0.0,False,1,True,[],"[1332, 13500]",,[],,False,1000,565
5,2,1.2403521537780762,13518,"[954, 218]",False,Right,False,0.0,False,1,True,[],"[1332, 13500]",,[],,False,1000,565
5,2,1.255582571029663,13518,"[954, 222]",False,Right,False,0.0,False,1,True,[],"[1332, 13500]",,[],,False,1000,565
5,2,1.2725207805633545,13518,"[954, 226]",False,Right,False,0.0,False,1,True,[],"[1332, 13500]",,[],,False,1000,565
5,2,1.2888598442077637,13518,"[954, 230]",False,Right,False,0.0,False,1,True,[],"[1332, 13500]",,[],,False,1000,565
5,2,1.3052890300750732,13518,"[954, 234]",False,Right,False,0.0,False,1,True,[],"[1332, 13500]",,[],,False,1000,565
5,2,1.321465015411377,13518,"[954, 238]",False,Right,False,0.0,False,1,True,[],"[1332, 13500]",,[],,False,1000,565
5,2,1.3374900817871094,13518,"[954, 242]",False,Right,False,0.0,False,1,True,[],"[1332, 13500]",,[],,False,1000,565
5,2,1.3544328212738037,13518,"[954, 246]",False,Right,False,0.0,False,1,True,[],"[1332, 13500]",,[],,False,1000,565
5,2,1.3701848983764648,13518,"[954, 250]",False,Right,False,0.0,False,1,True,[],"[1332, 13500]",,[],,False,1000,565
5,2,1.3860740661621094,13518,"[954, 254]",False,Right,False,0.0,False,1,True,[],"[1332, 13500]",,[],,False,1000,565
5,2,1.4019496440887451,13518,"[954, 258]",False,Right,False,0.0,False,1,True,[],"[1332, 13500]",,[],,False,1000,565
5,2,1.417663812637329,13518,"[954, 262]",False,Right,False,0.0,False,1,True,[],"[1332, 13500]",,[],,False,1000,565
5,2,1.434213399887085,13518,"[954, 266]",False,Right,False,0.0,False,1,True,[],"[1332, 13500]",,[],,False,1000,565
5,2,1.449965000152588,13518,"[954, 270]",False,Right,False,0.0,False,1,True,[],"[1327, 13494]",,[],,False,995.5846210338678,559.0
5,2,1.4652607440948486,13518,"[954, 270]",False,Right,False,0.0,False,1,True,[],"[1326, 13488]",,[],,False,993.703400996828,554.0
5,2,1.4809794425964355,13518,"[954, 270]",False,Right,False,0.0,False,1,True,[],"[1322, 13482]",,[],,False,989.0389162496207,547.0
5,2,1.496668815612793,13518,"[954, 270]",False,Right,False,0.0,False,1,True,[],"[1324, 13476]",,[],,False,991.2159279855041,541.0
5,2,1.5129547119140625,13518,"[954, 270]",False,Right,False,0.0,False,1,True,[],"[1315, 13470]",,[],,False,983.1860305873296,534.0
5,2,1.5290765762329102,13518,"[954, 270]",False,,False,0.0,False,1,True,[],"[1307, 13464]",,[],,False,974.3008829881913,529.0
5,2,1.5452725887298584,13518,"[954, 270]",False,,False,0.0,False,1,True,[],"[1307, 13458]",,[],,False,974.3008829881913,522.0
5,2,1.5609850883483887,13518,"[954, 270]",False,,False,0.0,False,1,True,[],"[1307, 13452]",,[],,False,974.3008829881913,516.0
5,2,1.5775234699249268,13518,"[954, 270]",False,,False,0.0,False,1,True,[],"[1307, 13446]",,[],,False,973.3008829881913,511.0
5,2,1.5938360691070557,13518,"[954, 270]",False,,False,0.0,False,1,True,[],"[1307, 13440]",,[],,False,973.3008829881913,504.0
5,2,1.6147441864013672,13518,"[954, 270]",False,,False,0.0,False,1,True,[],"[1307, 13434]",,[],,False,973.3008829881913,497.0
5,2,1.6313555240631104,13518,"[954, 270]",False,,False,0.0,False,1,True,[],"[1307, 13428]",,[],,False,973.3008829881913,490.0
5,2,1.6472673416137695,13518,"[954, 270]",False,,False,0.0,False,1,True,[],"[1307, 13422]",,[],,False,973.3008829881913,485.0
5,2,1.6630523204803467,13518,"[954, 270]",False,,False,0.0,False,1,True,[],"[1307, 13416]",,[],,False,972.3008829881913,479.0
5,2,1.6789488792419434,13518,"[954, 270]",False,,False,0.0,False,1,True,[],"[1307, 13410]",,[],,False,972.3008829881913,474.0
5,2,1.6948552131652832,13518,"[954, 270]",False,,False,0.0,False,1,True,[],"[1307, 13404]",,[],,False,971.3008829881913,467.0
5,2,1.7115647792816162,13518,"[954, 270]",False,,False,0.0,False,1,True,[],"[1307, 13398]",,[],,False,971.3008829881913,460.0
5,2,1.7282307147979736,13518,"[954, 270]",False,,False,0.0,False,1,True,[],"[1307, 13392]",,[],,False,970.3008829881913,455.0
5,2,1.7437744140625,13518,"[954, 270]",False,,False,0.0,False,1,True,[],"[1307, 13386]",,[],,False,969.3008829881913,448.0
5,2,1.7602283954620361,13518,"[954, 270]",False,,False,0.0,False,1,True,[],"[1307, 13380]",,[],,False,968.3008829881913,442.0
5,2,1.7756984233856201,13518,"[954, 270]",False,,False,0.0,False,1,True,[],"[1307, 13374]",,[],,False,969.3008829881913,436.0
5,2,1.7924327850341797,13518,"[954, 270]",False,,False,0.0,False,1,True,[],"[1307, 13368]",,[],,False,970.3008829881913,431.0
5,2,1.8081276416778564,13518,"[954, 270]",False,,False,0.0,False,1,True,[],"[1307, 13362]",,[],,False,970.3008829881913,424.0
5,2,1.823753833770752,13518,"[954, 270]",False,,False,0.0,False,1,True,[],"[1307, 13356]",,[],,False,971.3008829881913,418.0
5,2,1.8402841091156006,13518,"[954, 270]",False,,False,0.0,False,1,True,[],"[1307, 13350]",,[],,False,970.3008829881913,413.0
5,2,1.8565003871917725,13518,"[954, 270]",False,,False,0.0,False,1,True,[],"[1307, 13344]",,[],,False,969.3008829881913,407.0
5,2,1.8731367588043213,13518,"[954, 270]",False,,False,0.0,False,1,True,[],"[1307, 13338]",,[],,False,970.3008829881913,401.0
5,2,1.8888070583343506,13518,"[954, 270]",False,,False,0.0,False,1,True,[],"[1307, 13332]",,[],,False,969.3008829881913,396.0
5,2,1.9051470756530762,13518,"[954, 270]",False,,False,0.0,False,1,True,[],"[1307, 13326]",,[],,False,968.3008829881913,390.0
5,2,1.921133279800415,13518,"[954, 270]",False,,False,0.0,False,1,True,[],"[1307, 13320]",,[],,False,969.3008829881913,383.0
5,2,1.9372632503509521,13518,"[954, 270]",False,,False,0.0,False,1,True,[],"[1307, 13314]",,[],,False,969.3008829881913,377.0
5,2,1.9533679485321045,13518,"[954, 270]",False,,False,0.0,False,1,True,[],"[1307, 13308]",,[],,False,969.3008829881913,372.0
5,2,1.9694242477416992,13518,"[954, 270]",False,,False,0.0,False,1,True,[],"[1307, 13302]",,[],,False,969.3008829881913,365.0
5,2,1.9855356216430664,13518,"[954, 270]",False,,False,0.0,False,1,True,[],"[1307, 13296]",,[],,False,968.3008829881913,359.0
5,2,2.0016229152679443,13518,"[954, 270]",False,,False,0.0,False,1,True,[],"[1307, 13290]",,[],,False,967.3008829881913,352.0
5,2,2.017796754837036,13518,"[954, 270]",False,,False,0.0,False,1,True,[],"[1307, 13284]",,[],,False,968.3008829881913,346.0
5,2,2.0344502925872803,13518,"[954, 270]",False,,False,0.0,False,1,True,[],"[1307, 13278]",,[],,False,968.3008829881913,339.0
5,2,2.050002336502075,13518,"[954, 270]",False,,False,0.0,False,1,True,[],"[1307, 13272]",,[],,False,967.3008829881913,333.0
5,2,2.065629005432129,13518,"[954, 270]",False,Left,False,0.0,False,1,True,[],"[1307, 13266]",,[],,False,966.3008829881913,328.0
5,2,2.0820493698120117,13518,"[954, 270]",False,Right,False,0.0,False,1,True,[],"[1318, 13260]",,[],,False,977.1155827600254,322.0
5,2,2.098029375076294,13518,"[954, 270]",False,,False,0.0,False,1,True,[],"[1317, 13254]",,[],,False,975.4087182420205,316.0
5,2,2.1140096187591553,13518,"[954, 270]",False,,False,0.0,False,1,True,[],"[1317, 13248]",,[],,False,975.4087182420205,311.0
5,2,2.13028883934021,13518,"[954, 270]",False,,False,0.0,False,1,True,[],"[1317, 13242]",,[],,False,976.4087182420205,306.0
5,2,2.146435022354126,13518,"[954, 270]",False,Right,False,0.0,False,1,True,[],"[1317, 13236]",,[],,False,977.4087182420205,301.0
5,2,2.161749839782715,13518,"[954, 270]",False,,False,0.0,False,1,True,[],"[1307, 13230]",,[],,False,967.8099854377094,294.0
5,2,2.178270101547241,13518,"[954, 270]",False,Right,False,0.0,False,1,True,[],"[1307, 13224]",,[],,True,1005,295
5,2,2.3073477745056152,13518,"[954, 270]",False,Right,False,0.0,False,1,True,[],"[1292, 13218]",,[],,True,991,355
5,2,2.4461441040039062,13518,"[954, 270]",False,Right,False,0.0,False,1,True,[],"[1284, 13212]",,[],,True,983,462
5,2,2.5874781608581543,13518,"[954, 270]",False,Left,False,0.0,False,1,True,[],"[1269, 13206]",,[],,True,965,382
5,2,2.732897996902466,13518,"[954, 270]",False,,False,0.0,False,1,True,[],"[1278, 13200]",,[],,False,975.0203284353277,377.0
5,2,2.7535853385925293,13518,"[954, 270]",False,,False,0.0,False,1,True,[],"[1278, 13194]",,[],,False,974.0203284353277,372.0
5,2,2.7705061435699463,13518,"[954, 270]",False,,False,0.0,False,1,True,[],"[1278, 13188]",,[],,False,974.0203284353277,365.0
5,2,2.7875778675079346,13518,"[954, 270]",False,,False,0.0,False,1,True,[],"[1278, 13182]",,[],,False,975.0203284353277,358.0
5,2,2.804090738296509,13518,"[954, 270]",False,,False,0.0,False,1,True,[],"[1278, 13176]",,[],,False,976.0203284353277,353.0
5,2,2.820068359375,13518,"[954, 270]",False,,False,0.0,False,1,True,[],"[1278, 13170]",,[],,False,976.0203284353277,347.0
5,2,2.8364312648773193,13518,"[954, 270]",False,,False,0.0,False,1,True,[],"[1278, 13164]",,[],,False,976.0203284353277,340.0
5,2,2.852013111114502,13518,"[954, 270]",False,,False,0.0,False,1,True,[],"[1278, 13158]",,[],,False,976.0203284353277,333.0
5,2,2.8686366081237793,13518,"[954, 270]",False,Right,False,0.0,False,1,True,[],"[1278, 13152]",,[],,False,977.0203284353277,326.0
5,2,2.8850231170654297,13518,"[954, 270]",False,,False,0.0,False,1,True,[],"[1270, 13146]",,[],,False,967.8950751852916,321.0
5,2,2.9010584354400635,13518,"[954, 270]",False,,False,0.0,False,1,True,[],"[1270, 13140]",,[],,False,968.8950751852916,316.0
5,2,2.917222499847412,13518,"[954, 270]",False,,False,0.0,False,1,True,[],"[1270, 13134]",,[],,False,968.8950751852916,310.0
5,2,2.933351516723633,13518,"[954, 270]",False,,False,0.0,False,1,True,[],"[1270, 13128]",,[],,False,967.8950751852916,304.0
5,2,2.949549674987793,13518,"[954, 270]",False,,False,0.0,False,1,True,[],"[1270, 13122]",,[],,False,968.8950751852916,299.0
5,2,2.9659838676452637,13518,"[954, 270]",False,,False,0.0,False,1,True,[],"[1270, 13116]",,[],,False,968.8950751852916,292.0
5,2,2.9817187786102295,13518,"[954, 270]",False,,False,0.0,False,1,True,[],"[1270, 13110]",,[],,True,968,383
5,2,3.2047348022460938,13518,"[954, 270]",False,,False,0.0,False,1,True,[],"[1270, 13104]",,[],,False,967.0,376.0
5,2,3.221381187438965,13518,"[954, 270]",False,,False,0.0,False,1,True,[],"[1270, 13098]",,[],,False,967.0,369.0
5,2,3.2371535301208496,13518,"[954, 270]",False,,False,0.0,False,1,True,[],"[1270, 13092]",,[],,False,967.0,363.0
5,2,3.253079652786255,13518,"[954, 270]",False,,False,0.0,False,1,True,[],"[1270, 13086]",,[],,False,967.0,356.0
5,2,3.2690865993499756,13518,"[954, 270]",False,,False,0.0,False,1,True,[],"[1270, 13080]",,[],,False,967.0,350.0
5,2,3.2853481769561768,13518,"[954, 270]",False,,False,0.0,False,1,True,[],"[1270, 13074]",,[],,False,967.0,345.0
5,2,3.3007137775421143,13518,"[954, 270]",False,,False,0.0,False,1,True,[],"[1270, 13068]",,[],,False,968.0,340.0
5,2,3.3172945976257324,13518,"[954, 270]",False,,False,0.0,False,1,True,"[[640, 810]]","[1270, 13062]",,[],,False,967.0,333.0
5,2,3.332782745361328,13518,"[954, 270]",False,Left,False,0.0,False,1,True,"[[640, 804]]","[1270, 13056]",,[],,False,966.0,326.0
5,2,3.3491179943084717,13518,"[954, 270]",False,Right,False,0.0,False,1,True,"[[640, 798]]","[1285, 13050]",,[],,False,981.0727936454675,321.0
5,2,3.364997625350952,13518,"[954, 270]",False,Left,False,0.0,False,1,True,"[[655, 792]]","[1271, 13044]",,[],,False,966.8698377447828,315.0
5,2,3.381019115447998,13518,"[954, 270]",False,,False,0.0,False,1,True,"[[641, 786]]","[1274, 13038]",,[],,False,969.9702153970909,308.0
5,2,3.398167610168457,13518,"[954, 270]",False,,False,0.0,False,1,True,"[[644, 780]]","[1274, 13032]",,[],,False,970.9702153970909,301.0
5,2,3.4142656326293945,13518,"[954, 270]",False,,False,0.0,False,1,True,"[[644, 774]]","[1274, 13026]",,[],,False,971.9702153970909,294.0
5,2,3.43034029006958,13518,"[954, 270]",False,Left,False,0.0,False,1,True,"[[644, 768]]","[1274, 13020]",,[],,True,887,382
5,2,3.655444383621216,13518,"[954, 270]",False,Left,False,0.0,False,1,True,"[[644, 762]]","[1281, 13014]",,[],,False,893.7086774503775,375.0
5,2,3.670863151550293,13518,"[954, 270]",False,Left,False,0.0,False,1,True,"[[651, 756]]","[1284, 13008]",,[],,False,896.2683461770523,368.0
5,2,3.6870110034942627,13518,"[954, 270]",False,Left,False,0.0,False,1,True,"[[654, 750]]","[1281, 13002]",,[],,False,893.5748323989725,362.0
5,2,3.702963352203369,13518,"[954, 270]",False,Left,False,0.0,False,1,True,"[[651, 744]]","[1289, 12996]",,[],,False,902.9183196845855,355.0
5,2,3.7192952632904053,13518,"[954, 270]",False,Left,False,0.0,False,1,True,"[[659, 738]]","[1296, 12990]",,[],,False,908.5887865048002,350.0
5,2,3.734743595123291,13518,"[954, 270]",False,Left,False,0.0,False,1,True,"[[666, 732]]","[1291, 12984]",,[],,False,904.5630263120969,344.0
5,2,3.7514572143554688,13518,"[954, 270]",False,Left,False,0.0,False,1,True,"[[661, 726]]","[1304, 12978]",,[],,False,917.3115892286899,337.0
5,2,3.7673346996307373,13518,"[954, 270]",False,Left,False,0.0,False,1,True,"[[674, 720]]","[1311, 12972]",,[],,False,924.8149496633868,331.0
5,2,3.7832438945770264,13518,"[954, 270]",False,Left,False,0.0,False,1,True,"[[681, 714]]","[1319, 12966]",,[],,False,933.1111832056057,325.0
5,2,3.79911208152771,13518,"[954, 270]",False,Left,False,0.0,False,1,True,"[[689, 708]]","[1332, 12960]",,[],,False,945.4659444485827,318.0
5,2,3.8150386810302734,13518,"[954, 270]",False,Left,False,0.0,False,1,True,"[[702, 702], [828, 810]]","[1339, 12954]",,[],,False,953.1505116880153,313.0
5,2,3.830920457839966,13518,"[954, 270]",False,Left,False,0.0,False,1,True,"[[709, 696], [835, 804]]","[1346, 12948]",,[],,False,959.7720024129381,308.0
5,2,3.8475701808929443,13518,"[954, 270]",False,,False,0.0,False,1,True,"[[716, 690], [842, 798]]","[1357, 12942]",,[],,False,970.4138310819477,301.0
5,2,3.863718271255493,13518,"[954, 270]",False,,False,0.0,False,1,True,"[[727, 684], [853, 792], [691, 810]]","[1357, 12936]",,[],,False,969.4138310819477,295.0
5,2,3.880275011062622,13518,"[954, 270]",False,,False,0.0,False,1,True,"[[727, 678], [853, 786], [691, 804]]","[1357, 12930]",,[],,False,970.4138310819477,289.0
5,2,3.8959169387817383,13518,"[954, 270]",False,,False,0.0,False,1,True,"[[727, 672], [853, 780], [691, 798]]","[1357, 12924]",,[],,True,972,380
5,2,4.0507800579071045,13518,"[954, 270]",False,,False,0.0,False,1,True,"[[727, 666], [853, 774], [691, 792], [673, 810]]","[1357, 12918]",,[],,False,972.0,373.0
5,2,4.067911148071289,13518,"[954, 270]",False,,False,0.0,False,1,True,"[[727, 660], [853, 768], [691, 786], [673, 804]]","[1357, 12912]",,[],,False,973.0,367.0
5,2,4.083936452865601,13518,"[954, 270]",False,,False,0.0,False,1,True,"[[727, 654], [853, 762], [691, 780], [673, 798]]","[1357, 12906]",,[],,False,973.0,360.0
5,2,4.1005940437316895,13518,"[954, 270]",False,,False,0.0,False,1,True,"[[727, 648], [853, 756], [691, 774], [673, 792]]","[1357, 12900]",,[],,False,973.0,354.0
5,2,4.11704421043396,13518,"[954, 270]",False,,False,0.0,False,1,True,"[[727, 642], [853, 750], [691, 768], [673, 786]]","[1357, 12894]",,[],,False,973.0,349.0
5,2,4.1329522132873535,13518,"[954, 270]",False,,False,0.0,False,1,True,"[[727, 636], [853, 744], [691, 762], [673, 780]]","[1357, 12888]",,[],,False,972.0,342.0
5,2,4.149083852767944,13518,"[954, 270]",False,,False,0.0,False,1,True,"[[727, 630], [853, 738], [691, 756], [673, 774], [871, 810]]","[1357, 12882]",,[],,False,972.0,336.0
5,2,4.165253639221191,13518,"[954, 270]",False,,False,0.0,False,1,True,"[[727, 624], [853, 732], [691, 750], [673, 768], [871, 804]]","[1357, 12876]",,[],,False,973.0,329.0
5,2,4.18140721321106,13518,"[954, 270]",False,,False,0.0,False,1,True,"[[727, 618], [853, 726], [691, 744], [673, 762], [871, 798]]","[1357, 12870]",,[],,False,972.0,323.0
5,2,4.197673797607422,13518,"[954, 270]",False,,False,0.0,False,1,True,"[[727, 612], [853, 720], [691, 738], [673, 756], [871, 792]]","[1357, 12864]",,[],,False,972.0,318.0
5,2,4.213971138000488,13518,"[954, 270]",False,,False,0.0,False,1,True,"[[727, 606], [853, 714], [691, 732], [673, 750], [871, 786]]","[1357, 12858]",,[],,False,973.0,312.0
5,2,4.230108261108398,13518,"[954, 270]",False,,False,0.0,False,1,True,"[[727, 600], [853, 708], [691, 726], [673, 744], [871, 780]]","[1357, 12852]",,[],,False,973.0,307.0
5,2,4.2460033893585205,13518,"[954, 270]",False,,False,0.0,False,1,True,"[[727, 594], [853, 702], [691, 720], [673, 738], [871, 774]]","[1357, 12846]",,[],,False,974.0,301.0
5,2,4.262320280075073,13518,"[954, 270]",False,,False,0.0,False,1,True,"[[727, 588], [853, 696], [691, 714], [673, 732], [871, 768]]","[1357, 12840]",,[],,False,975.0,296.0
5,2,4.2785468101501465,13518,"[954, 270]",False,,False,0.0,False,1,True,"[[727, 582], [853, 690], [691, 708], [673, 726], [871, 762]]","[1357, 12834]",,[],,False,975.0,290.0
5,2,4.295267343521118,13518,"[954, 270]",False,Right,False,0.0,False,1,True,"[[727, 576], [853, 684], [691, 702], [673, 720], [871, 756]]","[1357, 12828]",,[],,True,1033,571
5,2,4.4188690185546875,13518,"[954, 270]",False,Right,False,0.0,False,1,True,"[[727, 570], [853, 678], [691, 696], [673, 714], [871, 750]]","[1349, 12822]",,[],,False,1026.1447398715404,564.0
5,2,4.439843654632568,13518,"[954, 270]",False,Right,False,0.0,False,1,True,"[[719, 564], [845, 672], [683, 690], [665, 708], [863, 744]]","[1337, 12816]",,[],,False,1014.2126470622953,557.0
5,2,4.456157445907593,13518,"[954, 270]",False,Right,False,0.0,False,1,True,"[[707, 558], [833, 666], [671, 684], [653, 702], [851, 738]]","[1326, 12810]",,[],,False,1004.4052925834313,551.0
5,2,4.472360849380493,13518,"[954, 270]",False,Right,False,0.0,False,1,True,"[[696, 552], [822, 660], [660, 678], [642, 696], [840, 732]]","[1325, 12804]",,[],,False,1003.5622667174503,545.0
5,2,4.488304615020752,13518,"[954, 270]",False,Right,False,0.0,False,1,True,"[[695, 546], [821, 654], [659, 672], [641, 690], [839, 726]]","[1313, 12798]",,[],,False,991.411198896059,538.0
5,2,4.504098176956177,13518,"[954, 270]",False,Right,False,0.0,False,1,True,"[[683, 540], [809, 648], [647, 666], [629, 684], [827, 720]]","[1306, 12792]",,[],,False,983.6347831473344,533.0
5,2,4.520272970199585,13518,"[954, 270]",False,,False,0.0,False,1,True,"[[676, 534], [802, 642], [640, 660], [622, 678], [820, 714]]","[1291, 12786]",,[],,False,969.6399370702325,527.0
5,2,4.536586284637451,13518,"[954, 270]",False,,False,0.0,False,1,True,"[[661, 528], [787, 636], [625, 654], [607, 672], [805, 708]]","[1291, 12780]",,[],,False,968.6399370702325,521.0
5,2,4.553196430206299,13518,"[954, 270]",False,,False,0.0,False,1,True,"[[661, 522], [787, 630], [625, 648], [607, 666], [805, 702]]","[1291, 12774]",,[],,False,968.6399370702325,514.0
5,2,4.5688958168029785,13518,"[954, 270]",False,,False,0.0,False,1,True,"[[661, 516], [787, 624], [625, 642], [607, 660], [805, 696]]","[1291, 12768]",,[],,False,967.6399370702325,509.0
5,2,4.585585355758667,13518,"[954, 270]",False,,False,0.0,False,1,True,"[[661, 510], [787, 618], [625, 636], [607, 654], [805, 690]]","[1291, 12762]",,[],,False,967.6399370702325,503.0
5,2,4.60225510597229,13518,"[954, 270]",False,Left,False,0.0,False,1,True,"[[661, 504], [787, 612], [625, 630], [607, 648], [805, 684]]","[1291, 12756]",,[],,False,966.6399370702325,496.0
5,2,4.617737054824829,13518,"[954, 270]",False,Right,False,0.0,False,1,True,"[[661, 498], [787, 606], [625, 624], [607, 642], [805, 678]]","[1311, 12750]",,[],,False,985.9288615681253,489.0
5,2,4.633735179901123,13518,"[954, 270]",False,Right,False,0.0,False,1,True,"[[681, 492], [807, 600], [645, 618], [627, 636], [825, 672]]","[1317, 12744]",,[],,False,992.8194134084382,484.0
5,2,4.650540113449097,13518,"[954, 270]",False,Right,False,0.0,False,1,True,"[[687, 486], [813, 594], [651, 612], [633, 630], [831, 666]]","[1312, 12738]",,[],,False,987.5993061904683,477.0
5,2,4.667256593704224,13518,"[954, 270]",False,,False,0.0,False,1,True,"[[682, 480], [808, 588], [646, 606], [628, 624], [826, 660]]","[1301, 12732]",,[],,False,976.1205998382804,471.0
5,2,4.682838201522827,13518,"[954, 270]",False,,False,0.0,False,1,True,"[[671, 474], [797, 582], [635, 600], [617, 618], [815, 654]]","[1301, 12726]",,[],,False,976.1205998382804,465.0
5,2,4.699584722518921,13518,"[954, 270]",False,,False,0.0,False,1,True,"[[671, 468], [797, 576], [635, 594], [617, 612], [815, 648]]","[1301, 12720]",,[],,False,975.1205998382804,460.0
5,2,4.716285705566406,13518,"[954, 270]",False,,False,0.0,False,1,True,"[[671, 462], [797, 570], [635, 588], [617, 606], [815, 642]]","[1301, 12714]",,[],,False,976.1205998382804,453.0
5,2,4.73175835609436,13518,"[954, 270]",False,,False,0.0,False,1,True,"[[671, 456], [797, 564], [635, 582], [617, 600], [815, 636]]","[1301, 12708]",,[],,False,975.1205998382804,447.0
5,2,4.748148441314697,13518,"[954, 270]",False,,False,0.0,False,1,True,"[[671, 450], [797, 558], [635, 576], [617, 594], [815, 630]]","[1301, 12702]",,[],,False,976.1205998382804,442.0
5,2,4.764488935470581,13518,"[954, 270]",False,Right,False,0.0,False,1,True,"[[671, 444], [797, 552], [635, 570], [617, 588], [815, 624]]","[1301, 12696]",,[],,False,977.1205998382804,436.0
5,2,4.779733896255493,13518,"[954, 270]",False,Right,False,0.0,False,1,True,"[[671, 438], [797, 546], [635, 564], [617, 582], [815, 618]]","[1301, 12690]",,[],,False,977.18662789212,430.0
5,2,4.795808553695679,13518,"[954, 270]",False,Left,False,0.0,False,1,True,"[[671, 432], [797, 540], [635, 558], [617, 576], [815, 612], [905, 810]]","[1292, 12684]",,[],,False,966.7931680573328,425.0
5,2,4.811731338500977,13518,"[954, 270]",False,Left,False,0.0,False,1,True,"[[662, 426], [788, 534], [626, 552], [608, 570], [806, 606], [896, 804]]","[1292, 12678]",,[],,False,965.5769552686069,418.0
5,2,4.827697992324829,13518,"[954, 270]",False,Left,False,0.0,False,1,True,"[[662, 420], [788, 528], [626, 546], [608, 564], [806, 600], [896, 798]]","[1290, 12672]",,[],,False,962.7203179328653,411.0
5,2,4.8437745571136475,13518,"[954, 270]",False,Left,False,0.0,False,1,True,"[[660, 414], [786, 522], [624, 540], [606, 558], [804, 594], [894, 792]]","[1288, 12666]",,[],,False,960.4132279044927,405.0
5,2,4.85976243019104,13518,"[954, 270]",False,,False,0.0,False,1,True,"[[658, 408], [784, 516], [622, 534], [604, 552], [802, 588], [892, 786]]","[1297, 12660]",,[],,False,968.2785742754052,398.0
5,2,4.876539468765259,13518,"[954, 270]",False,,False,0.0,False,1,True,"[[667, 402], [793, 510], [631, 528], [613, 546], [811, 582], [901, 780]]","[1297, 12654]",,[],,False,969.2785742754052,391.0
5,2,4.893418788909912,13518,"[954, 270]",False,,False,0.0,False,1,True,"[[667, 396], [793, 504], [631, 522], [613, 540], [811, 576], [901, 774]]","[1297, 12648]",,[],,False,969.2785742754052,386.0
5,2,4.9095282554626465,13518,"[954, 270]",False,,False,0.0,False,1,True,"[[667, 390], [793, 498], [631, 516], [613, 534], [811, 570], [901, 768]]","[1297, 12642]",,[],,False,970.2785742754052,381.0
5,2,4.925726413726807,13518,"[954, 270]",False,,False,0.0,False,1,True,"[[667, 384], [793, 492], [631, 510], [613, 528], [811, 564], [901, 762]]","[1297, 12636]",,[],,False,970.2785742754052,375.0
5,2,4.941878318786621,13518,"[954, 270]",False,,False,0.0,False,1,True,"[[667, 378], [793, 486], [631, 504], [613, 522], [811, 558], [901, 756]]","[1297, 12630]",,[],,False,971.2785742754052,370.0
5,2,4.957850933074951,13518,"[954, 270]",False,,False,0.0,False,1,True,"[[667, 372], [793, 480], [631, 498], [613, 516], [811, 552], [901, 750]]","[1297, 12624]",,[],,False,970.2785742754052,363.0
5,2,4.974501371383667,13518,"[954, 270]",False,,False,0.0,False,1,True,"[[667, 366], [793, 474], [631, 492], [613, 510], [811, 546], [901, 744]]","[1297, 12618]",,[],,False,970.2785742754052,356.0
5,2,4.990575075149536,13518,"[954, 270]",False,,False,0.0,False,1,True,"[[667, 360], [793, 468], [631, 486], [613, 504], [811, 540], [901, 738]]","[1297, 12612]",,[],,False,970.2785742754052,350.0
5,2,5.006956100463867,13518,"[954, 270]",False,,False,0.0,False,1,True,"[[667, 354], [793, 462], [631, 480], [613, 498], [811, 534], [901, 732]]","[1297, 12606]",,[],,False,970.2785742754052,344.0
5,2,5.023495197296143,13518,"[954, 270]",False,,False,0.0,False,1,True,"[[667, 348], [793, 456], [631, 474], [613, 492], [811, 528], [901, 726]]","[1297, 12600]",,[],,False,970.2785742754052,339.0
5,2,5.039283275604248,13518,"[954, 270]",False,,False,0.0,False,1,True,"[[667, 342], [793, 450], [631, 468], [613, 486], [811, 522], [901, 720]]","[1297, 12594]",,[],,False,971.2785742754052,333.0
5,2,5.055356025695801,13518,"[954, 270]",False,,False,0.0,False,1,True,"[[667, 336], [793, 444], [631, 462], [613, 480], [811, 516], [901, 714]]","[1297, 12588]",,[],,False,970.2785742754052,328.0
5,2,5.071091175079346,13518,"[954, 270]",False,,False,0.0,False,1,True,"[[667, 330], [793, 438], [631, 456], [613, 474], [811, 510], [901, 708]]","[1297, 12582]",,[],,False,970.2785742754052,322.0
5,2,5.086917877197266,13518,"[954, 270]",False,,False,0.0,False,1,True,"[[667, 324], [793, 432], [631, 450], [613, 468], [811, 504], [901, 702]]","[1297, 12576]",,[],,False,970.2785742754052,317.0
5,2,5.103678226470947,13518,"[954, 270]",False,,False,0.0,False,1,True,"[[667, 318], [793, 426], [631, 444], [613, 462], [811, 498], [901, 696]]","[1297, 12570]",,[],,False,970.2785742754052,311.0
5,2,5.119647741317749,13518,"[954, 270]",False,,False,0.0,False,1,True,"[[667, 312], [793, 420], [631, 438], [613, 456], [811, 492], [901, 690]]","[1297, 12564]",,[],,False,971.2785742754052,306.0
5,2,5.136118173599243,13518,"[954, 270]",False,,False,0.0,False,1,True,"[[667, 306], [793, 414], [631, 432], [613, 450], [811, 486], [901, 684]]","[1297, 12558]",,[],,False,971.2785742754052,301.0
5,2,5.151626825332642,13518,"[954, 270]",False,,False,0.0,False,1,True,"[[667, 300], [793, 408], [631, 426], [613, 444], [811, 480], [901, 678]]","[1297, 12552]",,[],,False,972.2785742754052,295.0
5,2,5.16814923286438,13518,"[954, 270]",False,Right,False,0.0,False,1,True,"[[667, 294], [793, 402], [631, 420], [613, 438], [811, 474], [901, 672]]","[1297, 12546]",,[],,True,980,505
5,2,5.256747007369995,13518,"[954, 270]",False,,False,0.0,False,1,True,"[[667, 288], [793, 396], [631, 414], [613, 432], [811, 468], [901, 666], [1225, 810]]","[1291, 12540]",,[],,False,973.6015346926623,500.0
5,2,5.275864124298096,13518,"[954, 270]",False,,False,0.0,False,1,True,"[[661, 282], [787, 390], [625, 408], [607, 426], [805, 462], [895, 660], [1219, 804]]","[1291, 12534]",,[],,False,972.6015346926623,495.0
5,2,5.294103145599365,13518,"[954, 270]",False,,False,0.0,False,1,True,"[[661, 276], [787, 384], [625, 402], [607, 420], [805, 456], [895, 654], [1219, 798]]","[1291, 12528]",,[],,False,973.6015346926623,490.0
5,2,5.309857368469238,13518,"[954, 270]",False,,False,0.0,False,1,True,"[[661, 270], [787, 378], [625, 396], [607, 414], [805, 450], [895, 648], [1219, 792]]","[1291, 12522]",,[],,False,974.6015346926623,483.0
5,2,5.325740575790405,13518,"[954, 270]",False,,False,0.0,False,1,True,"[[661, 264], [787, 372], [625, 390], [607, 408], [805, 444], [895, 642], [1219, 786]]","[1291, 12516]",,[],,False,975.6015346926623,476.0
5,2,5.342255115509033,13518,"[954, 270]",False,,False,0.0,False,1,True,"[[661, 258], [787, 366], [625, 384], [607, 402], [805, 438], [895, 636], [1219, 780]]","[1291, 12510]",,[],,False,975.6015346926623,470.0
5,2,5.358183145523071,13518,"[954, 270]",False,,False,0.0,False,1,True,"[[661, 252], [787, 360], [625, 378], [607, 396], [805, 432], [895, 630], [1219, 774], [1219, 810]]","[1291, 12504]",,[],,False,976.6015346926623,464.0
5,2,5.374154567718506,13518,"[954, 270]",False,,False,0.0,False,1,True,"[[661, 246], [787, 354], [625, 372], [607, 390], [805, 426], [895, 624], [1219, 768], [1219, 804]]","[1291, 12498]",,[],,False,975.6015346926623,458.0
5,2,5.391226530075073,13518,"[954, 270]",False,,False,0.0,False,1,True,"[[661, 240], [787, 348], [625, 366], [607, 384], [805, 420], [895, 618], [1219, 762], [1219, 798]]","[1291, 12492]",,[],,False,974.6015346926623,452.0
5,2,5.407346487045288,13518,"[954, 270]",False,,False,0.0,False,1,True,"[[661, 234], [787, 342], [625, 360], [607, 378], [805, 414], [895, 612], [1219, 756], [1219, 792]]","[1291, 12486]",,[],,False,975.6015346926623,446.0
5,2,5.423524856567383,13518,"[954, 270]",False,,False,0.0,False,1,True,"[[661, 228], [787, 336], [625, 354], [607, 372], [805, 408], [895, 606], [1219, 750], [1219, 786]]","[1291, 12480]",,[],,False,974.6015346926623,440.0
5,2,5.440587997436523,13518,"[954, 270]",False,,False,0.0,False,1,True,"[[661, 222], [787, 330], [625, 348], [607, 366], [805, 402], [895, 600], [1219, 744], [1219, 780]]","[1291, 12474]",,[],,False,973.6015346926623,434.0
5,2,5.456580400466919,13518,"[954, 270]",False,Left,False,0.0,False,1,True,"[[661, 216], [787, 324], [625, 342], [607, 360], [805, 396], [895, 594], [1219, 738], [1219, 774]]","[1291, 12468]",,[],,True,932,424
5,2,5.548928499221802,13518,"[954, 270]",False,Right,False,0.0,False,1,True,"[[661, 210], [787, 318], [625, 336], [607, 354], [805, 390], [895, 588], [1219, 732], [1219, 768]]","[1296, 12462]",,[],,True,1083,578
5,2,5.64786696434021,13518,"[954, 270]",False,Right,False,0.0,False,1,True,"[[666, 204], [792, 312], [630, 330], [612, 348], [810, 384], [900, 582], [1224, 726], [1224, 762]]","[1288, 12456]",,[],,False,1074.9412128693807,573.0
5,2,5.667277574539185,13518,"[954, 270]",False,Right,False,0.0,False,1,True,"[[658, 198], [784, 306], [622, 324], [604, 342], [802, 378], [892, 576], [1216, 720], [1216, 756]]","[1286, 12450]",,[],,False,1073.930165850167,566.0
5,2,5.686744213104248,13518,"[954, 270]",False,Right,False,0.0,False,1,True,"[[656, 192], [782, 300], [620, 318], [602, 336], [800, 372], [890, 570], [1214, 714], [1214, 750]]","[1286, 12444]",,[],,False,1074.637566343357,561.0
5,2,5.703304767608643,13518,"[954, 270]",False,Right,False,0.0,False,1,True,"[[656, 186], [782, 294], [620, 312], [602, 330], [800, 366], [890, 564], [1214, 708], [1214, 744]]","[1288, 12438]",,[],,False,1075.4299593260653,554.0
5,2,5.718789577484131,13518,"[954, 270]",False,Right,False,0.0,False,1,True,"[[658, 180], [784, 288], [622, 306], [604, 324], [802, 360], [892, 558], [1216, 702], [1216, 738]]","[1284, 12432]",,[],,False,1070.138674569773,547.0
5,2,5.735548973083496,13518,"[954, 270]",False,Right,False,0.0,False,1,True,"[[654, 174], [780, 282], [618, 300], [600, 318], [798, 354], [888, 552], [1212, 696], [1212, 732]]","[1277, 12426]",,[],,False,1062.3813900149898,541.0
5,2,5.752548933029175,13518,"[954, 270]",False,Right,False,0.0,False,1,True,"[[647, 168], [773, 276], [611, 294], [593, 312], [791, 348], [881, 546], [1205, 690], [1205, 726]]","[1274, 12420]",,[],,False,1058.6731711848142,535.0
5,2,5.768744945526123,13518,"[954, 270]",False,Right,False,0.0,False,1,True,"[[644, 162], [770, 270], [608, 288], [590, 306], [788, 342], [878, 540], [1202, 684], [1202, 720], [662, 810]]","[1272, 12414]",,[],,False,1057.313580098447,528.0
5,2,5.785037279129028,13518,"[954, 270]",False,Right,False,0.0,False,1,True,"[[642, 156], [768, 264], [606, 282], [588, 300], [786, 336], [876, 534], [1200, 678], [1200, 714], [660, 804]]","[1266, 12408]",,[],,False,1050.0395299723452,523.0
5,2,5.801513671875,13518,"[954, 270]",False,Right,False,0.0,False,1,True,"[[636, 150], [762, 258], [600, 276], [582, 294], [780, 330], [870, 528], [1194, 672], [1194, 708], [654, 798]]","[1262, 12402]",,[],,False,1045.2791175070915,516.0
5,2,5.8168721199035645,13518,"[954, 270]",False,Right,False,0.0,False,1,True,"[[632, 144], [758, 252], [596, 270], [578, 288], [776, 324], [866, 522], [1190, 666], [1190, 702], [650, 792]]","[1255, 12396]",,[],,False,1038.8579441624904,509.0
5,2,5.833118438720703,13518,"[954, 270]",False,Right,False,0.0,False,1,True,"[[625, 138], [751, 246], [589, 264], [571, 282], [769, 318], [859, 516], [1183, 660], [1183, 696], [643, 786]]","[1259, 12390]",,[],,False,1043.2761067270426,503.0
5,2,5.8489830493927,13518,"[954, 270]",False,Right,False,0.0,False,1,True,"[[629, 132], [755, 240], [593, 258], [575, 276], [773, 312], [863, 510], [1187, 654], [1187, 690], [647, 780]]","[1251, 12384]",,[],,False,1033.8857271512784,498.0
5,2,5.865107774734497,13518,"[954, 270]",False,Right,False,0.0,False,1,True,"[[621, 126], [747, 234], [585, 252], [567, 270], [765, 306], [855, 504], [1179, 648], [1179, 684], [639, 774]]","[1253, 12378]",,[],,False,1035.4239299970734,492.0
5,2,5.881272554397583,13518,"[954, 270]",False,Right,False,0.0,False,1,True,"[[623, 120], [749, 228], [587, 246], [569, 264], [767, 300], [857, 498], [1181, 642], [1181, 678], [641, 768]]","[1250, 12372]",,[],,False,1033.1084851464946,487.0
5,2,5.8975913524627686,13518,"[954, 270]",False,Right,False,0.0,False,1,True,"[[620, 114], [746, 222], [584, 240], [566, 258], [764, 294], [854, 492], [1178, 636], [1178, 672], [638, 762]]","[1240, 12366]",,[],,False,1022.5419181657516,480.0
5,2,5.920029640197754,13518,"[954, 270]",False,Right,False,0.0,False,1,True,"[[610, 108], [736, 216], [574, 234], [556, 252], [754, 288], [844, 486], [1168, 630], [1168, 666], [628, 756], [610, 810]]","[1220, 12360]",,[],,False,1003.0616250352892,475.0
5,2,5.9359352588653564,13518,"[954, 270]",False,Right,False,0.0,False,1,True,"[[590, 102], [716, 210], [554, 228], [536, 246], [734, 282], [824, 480], [1148, 624], [1148, 660], [608, 750], [590, 804]]","[1216, 12354]",,[],,False,1000.0005303716204,468.0
5,2,5.952239990234375,13518,"[954, 270]",False,Right,False,0.0,False,1,True,"[[586, 96], [712, 204], [550, 222], [532, 240], [730, 276], [820, 474], [1144, 618], [1144, 654], [604, 744], [586, 798]]","[1202, 12348]",,[],,False,987.144279556857,463.0
5,2,5.968545913696289,13518,"[954, 270]",False,,False,0.0,False,1,True,"[[572, 90], [698, 198], [536, 216], [518, 234], [716, 270], [806, 468], [1130, 612], [1130, 648], [590, 738], [572, 792]]","[1191, 12342]",,[],,False,974.6471159687,456.0
5,2,5.985015869140625,13518,"[954, 270]",False,,False,0.0,False,1,True,"[[561, 84], [687, 192], [525, 210], [507, 228], [705, 264], [795, 462], [1119, 606], [1119, 642], [579, 732], [561, 786]]","[1191, 12336]",,[],,False,974.6471159687,451.0
5,2,6.000945568084717,13518,"[954, 270]",False,,False,0.0,False,1,True,"[[561, 78], [687, 186], [525, 204], [507, 222], [705, 258], [795, 456], [1119, 600], [1119, 636], [579, 726], [561, 780]]","[1191, 12330]",,[],,False,975.6471159687,446.0
5,2,6.017396926879883,13518,"[954, 270]",False,,False,0.0,False,1,True,"[[561, 72], [687, 180], [525, 198], [507, 216], [705, 252], [795, 450], [1119, 594], [1119, 630], [579, 720], [561, 774]]","[1191, 12324]",,[],,False,976.6471159687,440.0
5,2,6.0330116748809814,13518,"[954, 270]",False,Right,False,0.0,False,1,True,"[[561, 66], [687, 174], [525, 192], [507, 210], [705, 246], [795, 444], [1119, 588], [1119, 624], [579, 714], [561, 768]]","[1191, 12318]",,[],,False,977.6471159687,433.0
5,2,6.049413204193115,13518,"[954, 270]",False,Right,False,0.0,False,1,True,"[[561, 60], [687, 168], [525, 186], [507, 204], [705, 240], [795, 438], [1119, 582], [1119, 618], [579, 708], [561, 762]]","[1191, 12312]",,[],,False,977.2746692092044,426.0
5,2,6.06568717956543,13518,"[954, 270]",False,,False,0.0,False,1,True,"[[561, 54], [687, 162], [525, 180], [507, 198], [705, 234], [795, 432], [1119, 576], [1119, 612], [579, 702], [561, 756]]","[1182, 12306]",,[],,False,968.8581905781064,421.0
5,2,6.081968545913696,13518,"[954, 270]",False,,False,0.0,False,1,True,"[[552, 48], [678, 156], [516, 174], [498, 192], [696, 228], [786, 426], [1110, 570], [1110, 606], [570, 696], [552, 750]]","[1182, 12300]",,[],,False,968.8581905781064,416.0
5,2,6.097803115844727,13518,"[954, 270]",False,,False,0.0,False,1,True,"[[552, 42], [678, 150], [516, 168], [498, 186], [696, 222], [786, 420], [1110, 564], [1110, 600], [570, 690], [552, 744]]","[1182, 12294]",,[],,False,968.8581905781064,411.0
5,2,6.114521503448486,13518,"[954, 270]",False,,False,0.0,False,1,True,"[[552, 36], [678, 144], [516, 162], [498, 180], [696, 216], [786, 414], [1110, 558], [1110, 594], [570, 684], [552, 738]]","[1182, 12288]",,[],,False,967.8581905781064,404.0
5,2,6.129788875579834,13518,"[954, 270]",False,,False,0.0,False,1,True,"[[552, 30], [678, 138], [516, 156], [498, 174], [696, 210], [786, 408], [1110, 552], [1110, 588], [570, 678], [552, 732]]","[1182, 12282]",,[],,False,967.8581905781064,397.0
5,2,6.146533489227295,13518,"[954, 270]",False,,False,0.0,False,1,True,"[[552, 24], [678, 132], [516, 150], [498, 168], [696, 204], [786, 402], [1110, 546], [1110, 582], [570, 672], [552, 726]]","[1182, 12276]",,[],,False,967.8581905781064,391.0
5,2,6.162923336029053,13518,"[954, 270]",False,Left,False,0.0,False,1,True,"[[552, 18], [678, 126], [516, 144], [498, 162], [696, 198], [786, 396], [1110, 540], [1110, 576], [570, 666], [552, 720]]","[1182, 12270]",,[],,False,966.8581905781064,384.0
5,2,6.179134845733643,13518,"[954, 270]",False,,False,0.0,False,1,True,"[[552, 12], [678, 120], [516, 138], [498, 156], [696, 192], [786, 390], [1110, 534], [1110, 570], [570, 660], [552, 714]]","[1189, 12264]",,[],,False,973.183817736248,379.0
5,2,6.194845676422119,13518,"[954, 270]",False,,False,0.0,False,1,True,"[[559, 6], [685, 114], [523, 132], [505, 150], [703, 186], [793, 384], [1117, 528], [1117, 564], [577, 654], [559, 708]]","[1189, 12258]",,[],,False,972.183817736248,372.0
5,2,6.211111783981323,13518,"[954, 270]",False,,False,0.0,False,1,True,"[[559, 0], [685, 108], [523, 126], [505, 144], [703, 180], [793, 378], [1117, 522], [1117, 558], [577, 648], [559, 702]]","[1189, 12252]",,[],,False,973.183817736248,365.0
5,2,6.227339267730713,13518,"[954, 270]",False,,False,0.0,False,1,True,"[[685, 102], [523, 120], [505, 138], [703, 174], [793, 372], [1117, 516], [1117, 552], [577, 642], [559, 696]]","[1189, 12246]",,[],,False,974.183817736248,358.0
5,2,6.243190765380859,13518,"[954, 270]",False,,False,0.0,False,1,True,"[[685, 96], [523, 114], [505, 132], [703, 168], [793, 366], [1117, 510], [1117, 546], [577, 636], [559, 690]]","[1189, 12240]",,[],,False,973.183817736248,352.0
5,2,6.259112119674683,13518,"[954, 270]",False,,False,0.0,False,1,True,"[[685, 90], [523, 108], [505, 126], [703, 162], [793, 360], [1117, 504], [1117, 540], [577, 630], [559, 684]]","[1189, 12234]",,[],,False,972.183817736248,346.0
5,2,6.274632930755615,13518,"[954, 270]",False,,False,0.0,False,1,True,"[[685, 84], [523, 102], [505, 120], [703, 156], [793, 354], [1117, 498], [1117, 534], [577, 624], [559, 678]]","[1189, 12228]",,[],,False,971.183817736248,341.0
5,2,6.291100740432739,13518,"[954, 270]",False,,False,0.0,False,1,True,"[[685, 78], [523, 96], [505, 114], [703, 150], [793, 348], [1117, 492], [1117, 528], [577, 618], [559, 672]]","[1189, 12222]",,[],,False,971.183817736248,335.0
5,2,6.307183265686035,13518,"[954, 270]",False,,False,0.0,False,1,True,"[[685, 72], [523, 90], [505, 108], [703, 144], [793, 342], [1117, 486], [1117, 522], [577, 612], [559, 666], [865, 810]]","[1189, 12216]",,[],,False,972.183817736248,328.0
5,2,6.323178052902222,13518,"[954, 270]",False,,False,0.0,False,1,True,"[[685, 66], [523, 84], [505, 102], [703, 138], [793, 336], [1117, 480], [1117, 516], [577, 606], [559, 660], [865, 804]]","[1189, 12210]",,[],,False,971.183817736248,323.0
5,2,6.339095592498779,13518,"[954, 270]",False,,False,0.0,False,1,True,"[[685, 60], [523, 78], [505, 96], [703, 132], [793, 330], [1117, 474], [1117, 510], [577, 600], [559, 654], [865, 798]]","[1189, 12204]",,[],,False,970.183817736248,318.0
5,2,6.354881286621094,13518,"[954, 270]",False,,False,0.0,False,1,True,"[[685, 54], [523, 72], [505, 90], [703, 126], [793, 324], [1117, 468], [1117, 504], [577, 594], [559, 648], [865, 792]]","[1189, 12198]",,[],,False,971.183817736248,311.0
5,2,6.370884656906128,13518,"[954, 270]",False,,False,0.0,False,1,True,"[[685, 48], [523, 66], [505, 84], [703, 120], [793, 318], [1117, 462], [1117, 498], [577, 588], [559, 642], [865, 786]]","[1189, 12192]",,[],,False,971.183817736248,306.0
5,2,6.386717081069946,13518,"[954, 270]",False,,False,0.0,False,1,True,"[[685, 42], [523, 60], [505, 78], [703, 114], [793, 312], [1117, 456], [1117, 492], [577, 582], [559, 636], [865, 780]]","[1189, 12186]",,[],,False,972.183817736248,301.0
5,2,6.402814865112305,13518,"[954, 270]",False,,False,0.0,False,1,True,"[[685, 36], [523, 54], [505, 72], [703, 108], [793, 306], [1117, 450], [1117, 486], [577, 576], [559, 630], [865, 774]]","[1189, 12180]",,[],,False,973.183817736248,296.0
5,2,6.418698787689209,13518,"[954, 270]",False,,False,0.0,False,1,True,"[[685, 30], [523, 48], [505, 66], [703, 102], [793, 300], [1117, 444], [1117, 480], [577, 570], [559, 624], [865, 768]]","[1189, 12174]",,[],,False,974.183817736248,289.0
5,2,6.43553352355957,13518,"[954, 270]",False,,False,0.0,False,1,True,"[[685, 24], [523, 42], [505, 60], [703, 96], [793, 294], [1117, 438], [1117, 474], [577, 564], [559, 618], [865, 762]]","[1189, 12168]",,[],,True,969,336
5,2,6.485787630081177,13518,"[954, 270]",False,,False,0.0,False,1,True,"[[685, 18], [523, 36], [505, 54], [703, 90], [793, 288], [1117, 432], [1117, 468], [577, 558], [559, 612], [865, 756]]","[1189, 12162]",,[],,False,969.0,331.0
5,2,6.504071235656738,13518,"[954, 270]",False,,False,0.0,False,1,True,"[[685, 12], [523, 30], [505, 48], [703, 84], [793, 282], [1117, 426], [1117, 462], [577, 552], [559, 606], [865, 750]]","[1189, 12156]",,[],,False,968.0,325.0
5,2,6.522815465927124,13518,"[954, 270]",False,,False,0.0,False,1,True,"[[685, 6], [523, 24], [505, 42], [703, 78], [793, 276], [1117, 420], [1117, 456], [577, 546], [559, 600], [865, 744]]","[1189, 12150]",,[],,False,967.0,319.0
5,2,6.541441917419434,13518,"[954, 270]",False,Left,False,0.0,False,1,True,"[[685, 0], [523, 18], [505, 36], [703, 72], [793, 270], [1117, 414], [1117, 450], [577, 540], [559, 594], [865, 738]]","[1189, 12144]",,[],,False,966.0,313.0
5,2,6.557352304458618,13518,"[954, 270]",False,Right,False,0.0,False,1,True,"[[523, 12], [505, 30], [703, 66], [793, 264], [1117, 408], [1117, 444], [577, 534], [559, 588], [865, 732]]","[1199, 12138]",,[],,False,977.3696003232194,308.0
5,2,6.573693037033081,13518,"[954, 270]",False,,False,0.0,False,1,True,"[[533, 6], [515, 24], [713, 60], [803, 258], [1127, 402], [1127, 438], [587, 528], [569, 582], [875, 726]]","[1196, 12132]",,[],,False,973.0183453508199,302.0
5,2,6.590039014816284,13518,"[954, 270]",False,,False,0.0,False,1,True,"[[530, 0], [512, 18], [710, 54], [800, 252], [1124, 396], [1124, 432], [584, 522], [566, 576], [872, 720]]","[1196, 12126]",,[],,False,972.0183453508199,296.0
5,2,6.606188058853149,13518,"[954, 270]",False,,False,0.0,False,1,True,"[[512, 12], [710, 48], [800, 246], [1124, 390], [1124, 426], [584, 516], [566, 570], [872, 714]]","[1196, 12120]",,[],,False,972.0183453508199,290.0
5,2,6.622286796569824,13518,"[954, 270]",False,Right,False,0.0,False,1,True,"[[512, 6], [710, 42], [800, 240], [1124, 384], [1124, 420], [584, 510], [566, 564], [872, 708]]","[1196, 12114]",,[],,True,978,553
5,2,6.684436082839966,13518,"[954, 270]",False,Left,False,0.0,False,1,True,"[[512, 0], [710, 36], [800, 234], [1124, 378], [1124, 414], [584, 504], [566, 558], [872, 702]]","[1185, 12108]",,[],,False,966.5524615391623,548.0
5,2,6.703495264053345,13518,"[954, 270]",False,,False,0.0,False,1,True,"[[699, 30], [789, 228], [1113, 372], [1113, 408], [573, 498], [555, 552], [861, 696]]","[1191, 12102]",,[],,False,971.4926638407609,543.0
5,2,6.723151922225952,13518,"[954, 270]",False,,False,0.0,False,1,True,"[[705, 24], [795, 222], [1119, 366], [1119, 402], [579, 492], [561, 546], [867, 690]]","[1191, 12096]",,[],,False,971.4926638407609,538.0
5,2,6.741109609603882,13518,"[954, 270]",False,,False,0.0,False,1,True,"[[705, 18], [795, 216], [1119, 360], [1119, 396], [579, 486], [561, 540], [867, 684]]","[1191, 12090]",,[],,False,971.4926638407609,533.0
5,2,6.756936073303223,13518,"[954, 270]",False,,False,0.0,False,1,True,"[[705, 12], [795, 210], [1119, 354], [1119, 390], [579, 480], [561, 534], [867, 678]]","[1191, 12084]",,[],,False,970.4926638407609,526.0
5,2,6.773518085479736,13518,"[954, 270]",False,,False,0.0,False,1,True,"[[705, 6], [795, 204], [1119, 348], [1119, 384], [579, 474], [561, 528], [867, 672]]","[1191, 12078]",,[],,False,970.4926638407609,520.0
5,2,6.788942575454712,13518,"[954, 270]",False,,False,0.0,False,1,True,"[[705, 0], [795, 198], [1119, 342], [1119, 378], [579, 468], [561, 522], [867, 666]]","[1191, 12072]",,[],,False,971.4926638407609,515.0
5,2,6.805176734924316,13518,"[954, 270]",False,,False,0.0,False,1,True,"[[795, 192], [1119, 336], [1119, 372], [579, 462], [561, 516], [867, 660]]","[1191, 12066]",,[],,False,971.4926638407609,509.0
5,2,6.821358919143677,13518,"[954, 270]",False,,False,0.0,False,1,True,"[[795, 186], [1119, 330], [1119, 366], [579, 456], [561, 510], [867, 654]]","[1191, 12060]",,[],,False,970.4926638407609,504.0
5,2,6.83754301071167,13518,"[954, 270]",False,,False,0.0,False,1,True,"[[795, 180], [1119, 324], [1119, 360], [579, 450], [561, 504], [867, 648]]","[1191, 12054]",,[],,False,969.4926638407609,497.0
5,2,6.853935718536377,13518,"[954, 270]",False,,False,0.0,False,1,True,"[[795, 174], [1119, 318], [1119, 354], [579, 444], [561, 498], [867, 642]]","[1191, 12048]",,[],,False,970.4926638407609,492.0
5,2,6.869896173477173,13518,"[954, 270]",False,,False,0.0,False,1,True,"[[795, 168], [1119, 312], [1119, 348], [579, 438], [561, 492], [867, 636]]","[1191, 12042]",,[],,False,971.4926638407609,486.0
5,2,6.886583566665649,13518,"[954, 270]",False,,False,0.0,False,1,True,"[[795, 162], [1119, 306], [1119, 342], [579, 432], [561, 486], [867, 630], [633, 810]]","[1191, 12036]",,[],,False,972.4926638407609,481.0
5,2,6.9027087688446045,13518,"[954, 270]",False,,False,0.0,False,1,True,"[[795, 156], [1119, 300], [1119, 336], [579, 426], [561, 480], [867, 624], [633, 804]]","[1191, 12030]",,[],,False,971.4926638407609,475.0
5,2,6.918936014175415,13518,"[954, 270]",False,,False,0.0,False,1,True,"[[795, 150], [1119, 294], [1119, 330], [579, 420], [561, 474], [867, 618], [633, 798]]","[1191, 12024]",,[],,False,971.4926638407609,469.0
5,2,6.934908390045166,13518,"[954, 270]",False,,False,0.0,False,1,True,"[[795, 144], [1119, 288], [1119, 324], [579, 414], [561, 468], [867, 612], [633, 792], [651, 810]]","[1191, 12018]",,[],,False,971.4926638407609,462.0
5,2,6.950707912445068,13518,"[954, 270]",False,,False,0.0,False,1,True,"[[795, 138], [1119, 282], [1119, 318], [579, 408], [561, 462], [867, 606], [633, 786], [651, 804]]","[1191, 12012]",,[],,False,970.4926638407609,455.0
5,2,6.96757435798645,13518,"[954, 270]",False,,False,0.0,False,1,True,"[[795, 132], [1119, 276], [1119, 312], [579, 402], [561, 456], [867, 600], [633, 780], [651, 798]]","[1191, 12006]",,[],,False,970.4926638407609,449.0
5,2,6.98421835899353,13518,"[954, 270]",False,,False,0.0,False,1,True,"[[795, 126], [1119, 270], [1119, 306], [579, 396], [561, 450], [867, 594], [633, 774], [651, 792]]","[1191, 12000]",,[],,False,970.4926638407609,442.0
5,2,6.999843597412109,13518,"[954, 270]",False,,False,0.0,False,1,True,"[[795, 120], [1119, 264], [1119, 300], [579, 390], [561, 444], [867, 588], [633, 768], [651, 786]]","[1191, 11994]",,[],,False,971.4926638407609,435.0
5,2,7.016199588775635,13518,"[954, 270]",False,,False,0.0,False,1,True,"[[795, 114], [1119, 258], [1119, 294], [579, 384], [561, 438], [867, 582], [633, 762], [651, 780]]","[1191, 11988]",,[],,False,970.4926638407609,429.0
5,2,7.031738042831421,13518,"[954, 270]",False,,False,0.0,False,1,True,"[[795, 108], [1119, 252], [1119, 288], [579, 378], [561, 432], [867, 576], [633, 756], [651, 774], [615, 810]]","[1191, 11982]",,[],,False,970.4926638407609,422.0
5,2,7.048480033874512,13518,"[954, 270]",False,,False,0.0,False,1,True,"[[795, 102], [1119, 246], [1119, 282], [579, 372], [561, 426], [867, 570], [633, 750], [651, 768], [615, 804]]","[1191, 11976]",,[],,False,971.4926638407609,417.0
5,2,7.064258098602295,13518,"[954, 270]",False,,False,0.0,False,1,True,"[[795, 96], [1119, 240], [1119, 276], [579, 366], [561, 420], [867, 564], [633, 744], [651, 762], [615, 798]]","[1191, 11970]",,[],,False,972.4926638407609,410.0
5,2,7.080293655395508,13518,"[954, 270]",False,,False,0.0,False,1,True,"[[795, 90], [1119, 234], [1119, 270], [579, 360], [561, 414], [867, 558], [633, 738], [651, 756], [615, 792]]","[1191, 11964]",,[],,False,971.4926638407609,403.0
5,2,7.096299171447754,13518,"[954, 270]",False,,False,0.0,False,1,True,"[[795, 84], [1119, 228], [1119, 264], [579, 354], [561, 408], [867, 552], [633, 732], [651, 750], [615, 786]]","[1191, 11958]",,[],,False,972.4926638407609,398.0
5,2,7.1124937534332275,13518,"[954, 270]",False,,False,0.0,False,1,True,"[[795, 78], [1119, 222], [1119, 258], [579, 348], [561, 402], [867, 546], [633, 726], [651, 744], [615, 780]]","[1191, 11952]",,[],,False,971.4926638407609,393.0
5,2,7.128607988357544,13518,"[954, 270]",False,,False,0.0,False,1,True,"[[795, 72], [1119, 216], [1119, 252], [579, 342], [561, 396], [867, 540], [633, 720], [651, 738], [615, 774]]","[1191, 11946]",,[],,False,970.4926638407609,388.0
5,2,7.144704103469849,13518,"[954, 270]",False,,False,0.0,False,1,True,"[[795, 66], [1119, 210], [1119, 246], [579, 336], [561, 390], [867, 534], [633, 714], [651, 732], [615, 768]]","[1191, 11940]",,[],,False,971.4926638407609,382.0
5,2,7.160779714584351,13518,"[954, 270]",False,,False,0.0,False,1,True,"[[795, 60], [1119, 204], [1119, 240], [579, 330], [561, 384], [867, 528], [633, 708], [651, 726], [615, 762]]","[1191, 11934]",,[],,False,970.4926638407609,376.0
5,2,7.176851987838745,13518,"[954, 270]",False,,False,0.0,False,1,True,"[[795, 54], [1119, 198], [1119, 234], [579, 324], [561, 378], [867, 522], [633, 702], [651, 720], [615, 756], [795, 810]]","[1191, 11928]",,[],,False,970.4926638407609,369.0
5,2,7.193419933319092,13518,"[954, 270]",False,,False,0.0,False,1,True,"[[795, 48], [1119, 192], [1119, 228], [579, 318], [561, 372], [867, 516], [633, 696], [651, 714], [615, 750], [795, 804]]","[1191, 11922]",,[],,False,970.4926638407609,362.0
5,2,7.2096898555755615,13518,"[954, 270]",False,,False,0.0,False,1,True,"[[795, 42], [1119, 186], [1119, 222], [579, 312], [561, 366], [867, 510], [633, 690], [651, 708], [615, 744], [795, 798]]","[1191, 11916]",,[],,False,969.4926638407609,357.0
5,2,7.225783824920654,13518,"[954, 270]",False,,False,0.0,False,1,True,"[[795, 36], [1119, 180], [1119, 216], [579, 306], [561, 360], [867, 504], [633, 684], [651, 702], [615, 738], [795, 792], [777, 810]]","[1191, 11910]",,[],,False,968.4926638407609,350.0
5,2,7.24175500869751,13518,"[954, 270]",False,,False,0.0,False,1,True,"[[795, 30], [1119, 174], [1119, 210], [579, 300], [561, 354], [867, 498], [633, 678], [651, 696], [615, 732], [795, 786], [777, 804]]","[1191, 11904]",,[],,False,969.4926638407609,345.0
5,2,7.2580366134643555,13518,"[954, 270]",False,,False,0.0,False,1,True,"[[795, 24], [1119, 168], [1119, 204], [579, 294], [561, 348], [867, 492], [633, 672], [651, 690], [615, 726], [795, 780], [777, 798]]","[1191, 11898]",,[],,False,970.4926638407609,339.0
5,2,7.2738306522369385,13518,"[954, 270]",False,,False,0.0,False,1,True,"[[795, 18], [1119, 162], [1119, 198], [579, 288], [561, 342], [867, 486], [633, 666], [651, 684], [615, 720], [795, 774], [777, 792]]","[1191, 11892]",,[],,False,971.4926638407609,333.0
5,2,7.289722204208374,13518,"[954, 270]",False,,False,0.0,False,1,True,"[[795, 12], [1119, 156], [1119, 192], [579, 282], [561, 336], [867, 480], [633, 660], [651, 678], [615, 714], [795, 768], [777, 786]]","[1191, 11886]",,[],,False,972.4926638407609,327.0
5,2,7.305756092071533,13518,"[954, 270]",False,,False,0.0,False,1,True,"[[795, 6], [1119, 150], [1119, 186], [579, 276], [561, 330], [867, 474], [633, 654], [651, 672], [615, 708], [795, 762], [777, 780]]","[1191, 11880]",,[],,False,973.4926638407609,320.0
5,2,7.3221046924591064,13518,"[954, 270]",False,,False,0.0,False,1,True,"[[795, 0], [1119, 144], [1119, 180], [579, 270], [561, 324], [867, 468], [633, 648], [651, 666], [615, 702], [795, 756], [777, 774]]","[1191, 11874]",,[],,False,974.4926638407609,313.0
5,2,7.3381242752075195,13518,"[954, 270]",False,,False,0.0,False,1,True,"[[1119, 138], [1119, 174], [579, 264], [561, 318], [867, 462], [633, 642], [651, 660], [615, 696], [795, 750], [777, 768]]","[1191, 11868]",,[],,False,974.4926638407609,308.0
5,2,7.353780031204224,13518,"[954, 270]",False,,False,0.0,False,1,True,"[[1119, 132], [1119, 168], [579, 258], [561, 312], [867, 456], [633, 636], [651, 654], [615, 690], [795, 744], [777, 762]]","[1191, 11862]",,[],,False,975.4926638407609,302.0
5,2,7.3704798221588135,13518,"[954, 270]",False,,False,0.0,False,1,True,"[[1119, 126], [1119, 162], [579, 252], [561, 306], [867, 450], [633, 630], [651, 648], [615, 684], [795, 738], [777, 756]]","[1191, 11856]",,[],,False,974.4926638407609,296.0
5,2,7.386073589324951,13518,"[954, 270]",False,,False,0.0,False,1,True,"[[1119, 120], [1119, 156], [579, 246], [561, 300], [867, 444], [633, 624], [651, 642], [615, 678], [795, 732], [777, 750]]","[1191, 11850]",,[],,False,973.4926638407609,290.0
5,2,7.401942253112793,13518,"[954, 270]",False,Left,False,0.0,False,1,True,"[[1119, 114], [1119, 150], [579, 240], [561, 294], [867, 438], [633, 618], [651, 636], [615, 672], [795, 726], [777, 744]]","[1191, 11844]",,[],,True,936,536
5,2,7.464041709899902,13518,"[954, 270]",False,Left,False,0.0,False,1,True,"[[1119, 108], [1119, 144], [579, 234], [561, 288], [867, 432], [633, 612], [651, 630], [615, 666], [795, 720], [777, 738]]","[1196, 11838]",,[],,False,941.345694656285,531.0
5,2,7.483209609985352,13518,"[954, 270]",False,Left,False,0.0,False,1,True,"[[1124, 102], [1124, 138], [584, 228], [566, 282], [872, 426], [638, 606], [656, 624], [620, 660], [800, 714], [782, 732]]","[1200, 11832]",,[],,False,945.9830724504834,525.0
5,2,7.502501487731934,13518,"[954, 270]",False,Left,False,0.0,False,1,True,"[[1128, 96], [1128, 132], [588, 222], [570, 276], [876, 420], [642, 600], [660, 618], [624, 654], [804, 708], [786, 726]]","[1205, 11826]",,[],,False,950.9208424920544,518.0
5,2,7.520815849304199,13518,"[954, 270]",False,Left,False,0.0,False,1,True,"[[1133, 90], [1133, 126], [593, 216], [575, 270], [881, 414], [647, 594], [665, 612], [629, 648], [809, 702], [791, 720]]","[1207, 11820]",,[],,False,953.6465639904538,511.0
5,2,7.537623643875122,13518,"[954, 270]",False,Left,False,0.0,False,1,True,"[[1135, 84], [1135, 120], [595, 210], [577, 264], [883, 408], [649, 588], [667, 606], [631, 642], [811, 696], [793, 714]]","[1210, 11814]",,[],,False,956.4348861401854,504.0
5,2,7.55403208732605,13518,"[954, 270]",False,Left,False,0.0,False,1,True,"[[1138, 78], [1138, 114], [598, 204], [580, 258], [886, 402], [652, 582], [670, 600], [634, 636], [814, 690], [796, 708]]","[1214, 11808]",,[],,False,960.6447645508539,499.0
5,2,7.570430517196655,13518,"[954, 270]",False,,False,0.0,False,1,True,"[[1142, 72], [1142, 108], [602, 198], [584, 252], [890, 396], [656, 576], [674, 594], [638, 630], [818, 684], [800, 702]]","[1222, 11802]",,[],,False,969.7473191823931,493.0
5,2,7.5864386558532715,13518,"[954, 270]",False,,False,0.0,False,1,True,"[[1150, 66], [1150, 102], [610, 192], [592, 246], [898, 390], [664, 570], [682, 588], [646, 624], [826, 678], [808, 696]]","[1222, 11796]",,[],,False,968.7473191823931,488.0
5,2,7.6023406982421875,13518,"[954, 270]",False,,False,0.0,False,1,True,"[[1150, 60], [1150, 96], [610, 186], [592, 240], [898, 384], [664, 564], [682, 582], [646, 618], [826, 672], [808, 690]]","[1222, 11790]",,[],,False,967.7473191823931,483.0
5,2,7.617732286453247,13518,"[954, 270]",False,,False,0.0,False,1,True,"[[1150, 54], [1150, 90], [610, 180], [592, 234], [898, 378], [664, 558], [682, 576], [646, 612], [826, 666], [808, 684]]","[1222, 11784]",,[],,False,968.7473191823931,476.0
5,2,7.634526014328003,13518,"[954, 270]",False,,False,0.0,False,1,True,"[[1150, 48], [1150, 84], [610, 174], [592, 228], [898, 372], [664, 552], [682, 570], [646, 606], [826, 660], [808, 678]]","[1222, 11778]",,[],,False,969.7473191823931,469.0
5,2,7.650423288345337,13518,"[954, 270]",False,,False,0.0,False,1,True,"[[1150, 42], [1150, 78], [610, 168], [592, 222], [898, 366], [664, 546], [682, 564], [646, 600], [826, 654], [808, 672]]","[1222, 11772]",,[],,False,969.7473191823931,464.0
5,2,7.666306257247925,13518,"[954, 270]",False,,False,0.0,False,1,True,"[[1150, 36], [1150, 72], [610, 162], [592, 216], [898, 360], [664, 540], [682, 558], [646, 594], [826, 648], [808, 666]]","[1222, 11766]",,[],,False,969.7473191823931,459.0
5,2,7.681910753250122,13518,"[954, 270]",False,,False,0.0,False,1,True,"[[1150, 30], [1150, 66], [610, 156], [592, 210], [898, 354], [664, 534], [682, 552], [646, 588], [826, 642], [808, 660]]","[1222, 11760]",,[],,False,968.7473191823931,454.0
5,2,7.69852352142334,13518,"[954, 270]",False,,False,0.0,False,1,True,"[[1150, 24], [1150, 60], [610, 150], [592, 204], [898, 348], [664, 528], [682, 546], [646, 582], [826, 636], [808, 654]]","[1222, 11754]",,[],,False,968.7473191823931,447.0
5,2,7.714148759841919,13518,"[954, 270]",False,,False,0.0,False,1,True,"[[1150, 18], [1150, 54], [610, 144], [592, 198], [898, 342], [664, 522], [682, 540], [646, 576], [826, 630], [808, 648], [772, 810], [1096, 810]]","[1222, 11748]",,[],,False,967.7473191823931,440.0
5,2,7.729734182357788,13518,"[954, 270]",False,Left,False,0.0,False,1,True,"[[1150, 12], [1150, 48], [610, 138], [592, 192], [898, 336], [664, 516], [682, 534], [646, 570], [826, 624], [808, 642], [772, 804], [1096, 804]]","[1222, 11742]",,[],,False,966.7473191823931,433.0
5,2,7.746393203735352,13518,"[954, 270]",False,,False,0.0,False,1,True,"[[1150, 6], [1150, 42], [610, 132], [592, 186], [898, 330], [664, 510], [682, 528], [646, 564], [826, 618], [808, 636], [772, 798], [1096, 798]]","[1226, 11736]",,[],,False,969.3885934338707,428.0
5,2,7.762553691864014,13518,"[954, 270]",False,,False,0.0,False,1,True,"[[1154, 0], [1154, 36], [614, 126], [596, 180], [902, 324], [668, 504], [686, 522], [650, 558], [830, 612], [812, 630], [776, 792], [1100, 792]]","[1226, 11730]",,[],,False,969.3885934338707,423.0
5,2,7.7793285846710205,13518,"[954, 270]",False,,False,0.0,False,1,True,"[[1154, 30], [614, 120], [596, 174], [902, 318], [668, 498], [686, 516], [650, 552], [830, 606], [812, 624], [776, 786], [1100, 786]]","[1226, 11724]",,[],,False,968.3885934338707,417.0
5,2,7.795130968093872,13518,"[954, 270]",False,,False,0.0,False,1,True,"[[1154, 24], [614, 114], [596, 168], [902, 312], [668, 492], [686, 510], [650, 546], [830, 600], [812, 618], [776, 780], [1100, 780]]","[1226, 11718]",,[],,False,969.3885934338707,412.0
5,2,7.810889482498169,13518,"[954, 270]",False,,False,0.0,False,1,True,"[[1154, 18], [614, 108], [596, 162], [902, 306], [668, 486], [686, 504], [650, 540], [830, 594], [812, 612], [776, 774], [1100, 774], [596, 810]]","[1226, 11712]",,[],,False,969.3885934338707,405.0
5,2,7.827521800994873,13518,"[954, 270]",False,,False,0.0,False,1,True,"[[1154, 12], [614, 102], [596, 156], [902, 300], [668, 480], [686, 498], [650, 534], [830, 588], [812, 606], [776, 768], [1100, 768], [596, 804]]","[1226, 11706]",,[],,False,968.3885934338707,400.0
5,2,7.843027353286743,13518,"[954, 270]",False,,False,0.0,False,1,True,"[[1154, 6], [614, 96], [596, 150], [902, 294], [668, 474], [686, 492], [650, 528], [830, 582], [812, 600], [776, 762], [1100, 762], [596, 798]]","[1226, 11700]",,[],,False,967.3885934338707,395.0
5,2,7.859635353088379,13518,"[954, 270]",False,Left,False,0.0,False,1,True,"[[1154, 0], [614, 90], [596, 144], [902, 288], [668, 468], [686, 486], [650, 522], [830, 576], [812, 594], [776, 756], [1100, 756], [596, 792], [920, 810]]","[1226, 11694]",,[],,False,966.3885934338707,389.0
5,2,7.87602162361145,13518,"[954, 270]",False,,False,0.0,False,1,True,"[[614, 84], [596, 138], [902, 282], [668, 462], [686, 480], [650, 516], [830, 570], [812, 588], [776, 750], [1100, 750], [596, 786], [920, 804]]","[1229, 11688]",,[],,False,967.9332337560295,383.0
5,2,7.8918914794921875,13518,"[954, 270]",False,Left,False,0.0,False,1,True,"[[617, 78], [599, 132], [905, 276], [671, 456], [689, 474], [653, 510], [833, 564], [815, 582], [779, 744], [1103, 744], [599, 780], [923, 798]]","[1229, 11682]",,[],,False,966.9332337560295,377.0
5,2,7.908246040344238,13518,"[954, 270]",False,,False,0.0,False,1,True,"[[617, 72], [599, 126], [905, 270], [671, 450], [689, 468], [653, 504], [833, 558], [815, 576], [779, 738], [1103, 738], [599, 774], [923, 792], [1103, 810]]","[1232, 11676]",,[],,False,969.5763403509429,372.0
5,2,7.924172639846802,13518,"[954, 270]",False,,False,0.0,False,1,True,"[[620, 66], [602, 120], [908, 264], [674, 444], [692, 462], [656, 498], [836, 552], [818, 570], [782, 732], [1106, 732], [602, 768], [926, 786], [1106, 804]]","[1232, 11670]",,[],,False,968.5763403509429,366.0
5,2,7.940183401107788,13518,"[954, 270]",False,,False,0.0,False,1,True,"[[620, 60], [602, 114], [908, 258], [674, 438], [692, 456], [656, 492], [836, 546], [818, 564], [782, 726], [1106, 726], [602, 762], [926, 780], [1106, 798]]","[1232, 11664]",,[],,False,967.5763403509429,360.0
5,2,7.9559831619262695,13518,"[954, 270]",False,,False,0.0,False,1,True,"[[620, 54], [602, 108], [908, 252], [674, 432], [692, 450], [656, 486], [836, 540], [818, 558], [782, 720], [1106, 720], [602, 756], [926, 774], [1106, 792]]","[1232, 11658]",,[],,False,967.5763403509429,354.0
5,2,7.9717631340026855,13518,"[954, 270]",False,,False,0.0,False,1,True,"[[620, 48], [602, 102], [908, 246], [674, 426], [692, 444], [656, 480], [836, 534], [818, 552], [782, 714], [1106, 714], [602, 750], [926, 768], [1106, 786]]","[1232, 11652]",,[],,False,968.5763403509429,347.0
5,2,7.9885828495025635,13518,"[954, 270]",False,,False,0.0,False,1,True,"[[620, 42], [602, 96], [908, 240], [674, 420], [692, 438], [656, 474], [836, 528], [818, 546], [782, 708], [1106, 708], [602, 744], [926, 762], [1106, 780]]","[1232, 11646]",,[],,False,969.5763403509429,340.0
5,2,8.005560636520386,13518,"[954, 270]",False,,False,0.0,False,1,True,"[[620, 36], [602, 90], [908, 234], [674, 414], [692, 432], [656, 468], [836, 522], [818, 540], [782, 702], [1106, 702], [602, 738], [926, 756], [1106, 774]]","[1232, 11640]",,[],,False,969.5763403509429,333.0
5,2,8.02219533920288,13518,"[954, 270]",False,,False,0.0,False,1,True,"[[620, 30], [602, 84], [908, 228], [674, 408], [692, 426], [656, 462], [836, 516], [818, 534], [782, 696], [1106, 696], [602, 732], [926, 750], [1106, 768]]","[1232, 11634]",,[],,False,970.5763403509429,327.0
5,2,8.038589477539062,13518,"[954, 270]",False,,False,0.0,False,1,True,"[[620, 24], [602, 78], [908, 222], [674, 402], [692, 420], [656, 456], [836, 510], [818, 528], [782, 690], [1106, 690], [602, 726], [926, 744], [1106, 762]]","[1232, 11628]",,[],,False,970.5763403509429,321.0
5,2,8.054718017578125,13518,"[954, 270]",False,,False,0.0,False,1,True,"[[620, 18], [602, 72], [908, 216], [674, 396], [692, 414], [656, 450], [836, 504], [818, 522], [782, 684], [1106, 684], [602, 720], [926, 738], [1106, 756]]","[1232, 11622]",,[],,False,971.5763403509429,316.0
5,2,8.070940017700195,13518,"[954, 270]",False,,False,0.0,False,1,True,"[[620, 12], [602, 66], [908, 210], [674, 390], [692, 408], [656, 444], [836, 498], [818, 516], [782, 678], [1106, 678], [602, 714], [926, 732], [1106, 750]]","[1232, 11616]",,[],,False,970.5763403509429,310.0
5,2,8.087218523025513,13518,"[954, 270]",False,,False,0.0,False,1,True,"[[620, 6], [602, 60], [908, 204], [674, 384], [692, 402], [656, 438], [836, 492], [818, 510], [782, 672], [1106, 672], [602, 708], [926, 726], [1106, 744]]","[1232, 11610]",,[],,False,969.5763403509429,303.0
5,2,8.103325843811035,13518,"[954, 270]",False,,False,0.0,False,1,True,"[[620, 0], [602, 54], [908, 198], [674, 378], [692, 396], [656, 432], [836, 486], [818, 504], [782, 666], [1106, 666], [602, 702], [926, 720], [1106, 738], [746, 810]]","[1232, 11604]",,[],,False,969.5763403509429,298.0
5,2,8.11945652961731,13518,"[954, 270]",False,,False,0.0,False,1,True,"[[602, 48], [908, 192], [674, 372], [692, 390], [656, 426], [836, 480], [818, 498], [782, 660], [1106, 660], [602, 696], [926, 714], [1106, 732], [746, 804]]","[1232, 11598]",,[],,False,969.5763403509429,291.0
5,2,8.13539457321167,13518,"[954, 270]",False,Right,False,0.0,False,1,True,"[[602, 42], [908, 186], [674, 366], [692, 384], [656, 420], [836, 474], [818, 492], [782, 654], [1106, 654], [602, 690], [926, 708], [1106, 726], [746, 798]]","[1232, 11592]",,[],,True,1016,516
5,2,8.221969366073608,13518,"[954, 270]",False,Right,False,0.0,False,1,True,"[[602, 36], [908, 180], [674, 360], [692, 378], [656, 414], [836, 468], [818, 486], [782, 648], [1106, 648], [602, 684], [926, 702], [1106, 720], [746, 792]]","[1231, 11586]",,[],,False,1014.4260576395028,510.0
5,2,8.242112874984741,13518,"[954, 270]",False,Right,False,0.0,False,1,True,"[[601, 30], [907, 174], [673, 354], [691, 372], [655, 408], [835, 462], [817, 480], [781, 642], [1105, 642], [601, 678], [925, 696], [1105, 714], [745, 786]]","[1222, 11580]",,[],,False,1005.0306345007803,504.0
5,2,8.265852689743042,13518,"[954, 270]",False,Right,False,0.0,False,1,True,"[[592, 24], [898, 168], [664, 348], [682, 366], [646, 402], [826, 456], [808, 474], [772, 636], [1096, 636], [592, 672], [916, 690], [1096, 708], [736, 780]]","[1218, 11574]",,[],,False,1000.1749216219739,498.0
5,2,8.281763076782227,13518,"[954, 270]",False,Right,False,0.0,False,1,True,"[[588, 18], [894, 162], [660, 342], [678, 360], [642, 396], [822, 450], [804, 468], [768, 630], [1092, 630], [588, 666], [912, 684], [1092, 702], [732, 774]]","[1211, 11568]",,[],,False,992.4824747508698,492.0
5,2,8.298165321350098,13518,"[954, 270]",False,Right,False,0.0,False,1,True,"[[581, 12], [887, 156], [653, 336], [671, 354], [635, 390], [815, 444], [797, 462], [761, 624], [1085, 624], [581, 660], [905, 678], [1085, 696], [725, 768]]","[1203, 11562]",,[],,False,985.248236225849,486.0
5,2,8.314568281173706,13518,"[954, 270]",False,Right,False,0.0,False,1,True,"[[573, 6], [879, 150], [645, 330], [663, 348], [627, 384], [807, 438], [789, 456], [753, 618], [1077, 618], [573, 654], [897, 672], [1077, 690], [717, 762]]","[1204, 11556]",,[],,False,985.5726598692294,480.0
5,2,8.331462621688843,13518,"[954, 270]",False,Right,False,0.0,False,1,True,"[[574, 0], [880, 144], [646, 324], [664, 342], [628, 378], [808, 432], [790, 450], [754, 612], [1078, 612], [574, 648], [898, 666], [1078, 684], [718, 756]]","[1207, 11550]",,[],,False,987.2518295943271,475.0
5,2,8.347493171691895,13518,"[954, 270]",False,Right,False,0.0,False,1,True,"[[883, 138], [649, 318], [667, 336], [631, 372], [811, 426], [793, 444], [757, 606], [1081, 606], [577, 642], [901, 660], [1081, 678], [721, 750]]","[1203, 11544]",,[],,False,984.543027973962,469.0
5,2,8.363500833511353,13518,"[954, 270]",False,,False,0.0,False,1,True,"[[879, 132], [645, 312], [663, 330], [627, 366], [807, 420], [789, 438], [753, 600], [1077, 600], [573, 636], [897, 654], [1077, 672], [717, 744]]","[1192, 11538]",,[],,False,972.923108848771,463.0
5,2,8.378879308700562,13518,"[954, 270]",False,,False,0.0,False,1,True,"[[868, 126], [634, 306], [652, 324], [616, 360], [796, 414], [778, 432], [742, 594], [1066, 594], [562, 630], [886, 648], [1066, 666], [706, 738]]","[1192, 11532]",,[],,False,972.923108848771,457.0
5,2,8.396589517593384,13518,"[954, 270]",False,,False,0.0,False,1,True,"[[868, 120], [634, 300], [652, 318], [616, 354], [796, 408], [778, 426], [742, 588], [1066, 588], [562, 624], [886, 642], [1066, 660], [706, 732]]","[1192, 11526]",,[],,False,971.923108848771,451.0
5,2,8.413399457931519,13518,"[954, 270]",False,,False,0.0,False,1,True,"[[868, 114], [634, 294], [652, 312], [616, 348], [796, 402], [778, 420], [742, 582], [1066, 582], [562, 618], [886, 636], [1066, 654], [706, 726]]","[1192, 11520]",,[],,False,970.923108848771,445.0
5,2,8.428926944732666,13518,"[954, 270]",False,,False,0.0,False,1,True,"[[868, 108], [634, 288], [652, 306], [616, 342], [796, 396], [778, 414], [742, 576], [1066, 576], [562, 612], [886, 630], [1066, 648], [706, 720]]","[1192, 11514]",,[],,False,970.923108848771,439.0
5,2,8.44475269317627,13518,"[954, 270]",False,,False,0.0,False,1,True,"[[868, 102], [634, 282], [652, 300], [616, 336], [796, 390], [778, 408], [742, 570], [1066, 570], [562, 606], [886, 624], [1066, 642], [706, 714]]","[1192, 11508]",,[],,False,969.923108848771,433.0
5,2,8.460034370422363,13518,"[954, 270]",False,,False,0.0,False,1,True,"[[868, 96], [634, 276], [652, 294], [616, 330], [796, 384], [778, 402], [742, 564], [1066, 564], [562, 600], [886, 618], [1066, 636], [706, 708]]","[1192, 11502]",,[],,False,970.923108848771,426.0
5,2,8.476469039916992,13518,"[954, 270]",False,,False,0.0,False,1,True,"[[868, 90], [634, 270], [652, 288], [616, 324], [796, 378], [778, 396], [742, 558], [1066, 558], [562, 594], [886, 612], [1066, 630], [706, 702]]","[1192, 11496]",,[],,False,969.923108848771,419.0
5,2,8.492205381393433,13518,"[954, 270]",False,,False,0.0,False,1,True,"[[868, 84], [634, 264], [652, 282], [616, 318], [796, 372], [778, 390], [742, 552], [1066, 552], [562, 588], [886, 606], [1066, 624], [706, 696]]","[1192, 11490]",,[],,False,969.923108848771,413.0
5,2,8.50820517539978,13518,"[954, 270]",False,,False,0.0,False,1,True,"[[868, 78], [634, 258], [652, 276], [616, 312], [796, 366], [778, 384], [742, 546], [1066, 546], [562, 582], [886, 600], [1066, 618], [706, 690]]","[1192, 11484]",,[],,False,969.923108848771,407.0
5,2,8.523706674575806,13518,"[954, 270]",False,,False,0.0,False,1,True,"[[868, 72], [634, 252], [652, 270], [616, 306], [796, 360], [778, 378], [742, 540], [1066, 540], [562, 576], [886, 594], [1066, 612], [706, 684]]","[1192, 11478]",,[],,False,968.923108848771,402.0
5,2,8.539982795715332,13518,"[954, 270]",False,,False,0.0,False,1,True,"[[868, 66], [634, 246], [652, 264], [616, 300], [796, 354], [778, 372], [742, 534], [1066, 534], [562, 570], [886, 588], [1066, 606], [706, 678]]","[1192, 11472]",,[],,False,969.923108848771,395.0
5,2,8.555999517440796,13518,"[954, 270]",False,,False,0.0,False,1,True,"[[868, 60], [634, 240], [652, 258], [616, 294], [796, 348], [778, 366], [742, 528], [1066, 528], [562, 564], [886, 582], [1066, 600], [706, 672]]","[1192, 11466]",,[],,False,969.923108848771,389.0
5,2,8.571975946426392,13518,"[954, 270]",False,,False,0.0,False,1,True,"[[868, 54], [634, 234], [652, 252], [616, 288], [796, 342], [778, 360], [742, 522], [1066, 522], [562, 558], [886, 576], [1066, 594], [706, 666]]","[1192, 11460]",,[],,False,970.923108848771,384.0
5,2,8.587870836257935,13518,"[954, 270]",False,,False,0.0,False,1,True,"[[868, 48], [634, 228], [652, 246], [616, 282], [796, 336], [778, 354], [742, 516], [1066, 516], [562, 552], [886, 570], [1066, 588], [706, 660]]","[1192, 11454]",,[],,False,971.923108848771,378.0
5,2,8.603912830352783,13518,"[954, 270]",False,,False,0.0,False,1,True,"[[868, 42], [634, 222], [652, 240], [616, 276], [796, 330], [778, 348], [742, 510], [1066, 510], [562, 546], [886, 564], [1066, 582], [706, 654]]","[1192, 11448]",,[],,False,970.923108848771,371.0
5,2,8.620683193206787,13518,"[954, 270]",False,,False,0.0,False,1,True,"[[868, 36], [634, 216], [652, 234], [616, 270], [796, 324], [778, 342], [742, 504], [1066, 504], [562, 540], [886, 558], [1066, 576], [706, 648]]","[1192, 11442]",,[],,False,970.923108848771,366.0
5,2,8.637557983398438,13518,"[954, 270]",False,,False,0.0,False,1,True,"[[868, 30], [634, 210], [652, 228], [616, 264], [796, 318], [778, 336], [742, 498], [1066, 498], [562, 534], [886, 552], [1066, 570], [706, 642]]","[1192, 11436]",,[],,False,969.923108848771,360.0
5,2,8.654346227645874,13518,"[954, 270]",False,,False,0.0,False,1,True,"[[868, 24], [634, 204], [652, 222], [616, 258], [796, 312], [778, 330], [742, 492], [1066, 492], [562, 528], [886, 546], [1066, 564], [706, 636]]","[1192, 11430]",,[],,False,968.923108848771,353.0
5,2,8.670422792434692,13518,"[954, 270]",False,,False,0.0,False,1,True,"[[868, 18], [634, 198], [652, 216], [616, 252], [796, 306], [778, 324], [742, 486], [1066, 486], [562, 522], [886, 540], [1066, 558], [706, 630], [994, 810]]","[1192, 11424]",,[],,False,969.923108848771,346.0
5,2,8.686540842056274,13518,"[954, 270]",False,,False,0.0,False,1,True,"[[868, 12], [634, 192], [652, 210], [616, 246], [796, 300], [778, 318], [742, 480], [1066, 480], [562, 516], [886, 534], [1066, 552], [706, 624], [994, 804]]","[1192, 11418]",,[],,False,969.923108848771,341.0
5,2,8.701995611190796,13518,"[954, 270]",False,,False,0.0,False,1,True,"[[868, 6], [634, 186], [652, 204], [616, 240], [796, 294], [778, 312], [742, 474], [1066, 474], [562, 510], [886, 528], [1066, 546], [706, 618], [994, 798]]","[1192, 11412]",,[],,False,969.923108848771,334.0
5,2,8.71813702583313,13518,"[954, 270]",False,,False,0.0,False,1,True,"[[868, 0], [634, 180], [652, 198], [616, 234], [796, 288], [778, 306], [742, 468], [1066, 468], [562, 504], [886, 522], [1066, 540], [706, 612], [994, 792]]","[1192, 11406]",,[],,False,968.923108848771,328.0
5,2,8.734212636947632,13518,"[954, 270]",False,,False,0.0,False,1,True,"[[634, 174], [652, 192], [616, 228], [796, 282], [778, 300], [742, 462], [1066, 462], [562, 498], [886, 516], [1066, 534], [706, 606], [994, 786]]","[1192, 11400]",,[],,False,967.923108848771,321.0
5,2,8.74985647201538,13518,"[954, 270]",False,,False,0.0,False,1,True,"[[634, 168], [652, 186], [616, 222], [796, 276], [778, 294], [742, 456], [1066, 456], [562, 492], [886, 510], [1066, 528], [706, 600], [994, 780]]","[1192, 11394]",,[],,False,967.923108848771,316.0
5,2,8.766549825668335,13518,"[954, 270]",False,,False,0.0,False,1,True,"[[634, 162], [652, 180], [616, 216], [796, 270], [778, 288], [742, 450], [1066, 450], [562, 486], [886, 504], [1066, 522], [706, 594], [994, 774]]","[1192, 11388]",,[],,False,968.923108848771,309.0
5,2,8.782057046890259,13518,"[954, 270]",False,,False,0.0,False,1,True,"[[634, 156], [652, 174], [616, 210], [796, 264], [778, 282], [742, 444], [1066, 444], [562, 480], [886, 498], [1066, 516], [706, 588], [994, 768]]","[1192, 11382]",,[],,False,967.923108848771,304.0
5,2,8.79776406288147,13518,"[954, 270]",False,,False,0.0,False,1,True,"[[634, 150], [652, 168], [616, 204], [796, 258], [778, 276], [742, 438], [1066, 438], [562, 474], [886, 492], [1066, 510], [706, 582], [994, 762]]","[1192, 11376]",,[],,False,967.923108848771,298.0
5,2,8.814553499221802,13518,"[954, 270]",False,,False,0.0,False,1,True,"[[634, 144], [652, 162], [616, 198], [796, 252], [778, 270], [742, 432], [1066, 432], [562, 468], [886, 486], [1066, 504], [706, 576], [994, 756], [490, 810]]","[1192, 11370]",,[],,False,968.923108848771,291.0
5,2,8.830309867858887,13518,"[954, 270]",False,Left,False,0.0,False,1,True,"[[634, 138], [652, 156], [616, 192], [796, 246], [778, 264], [742, 426], [1066, 426], [562, 462], [886, 480], [1066, 498], [706, 570], [994, 750], [490, 804]]","[1192, 11364]",,[],,True,929,566
5,2,8.938950300216675,13518,"[954, 270]",False,Left,False,0.0,False,1,True,"[[634, 132], [652, 150], [616, 186], [796, 240], [778, 258], [742, 420], [1066, 420], [562, 456], [886, 474], [1066, 492], [706, 564], [994, 744], [490, 798]]","[1203, 11358]",,[],,False,938.823373932767,559.0
5,2,8.958320379257202,13518,"[954, 270]",False,Left,False,0.0,False,1,True,"[[645, 126], [663, 144], [627, 180], [807, 234], [789, 252], [753, 414], [1077, 414], [573, 450], [897, 468], [1077, 486], [717, 558], [1005, 738], [501, 792]]","[1205, 11352]",,[],,False,941.5034655794096,554.0
5,2,8.976989030838013,13518,"[954, 270]",False,Left,False,0.0,False,1,True,"[[647, 120], [665, 138], [629, 174], [809, 228], [791, 246], [755, 408], [1079, 408], [575, 444], [899, 462], [1079, 480], [719, 552], [1007, 732], [503, 786]]","[1202, 11346]",,[],,False,939.323252731384,547.0
5,2,8.99352741241455,13518,"[954, 270]",False,Left,False,0.0,False,1,True,"[[644, 114], [662, 132], [626, 168], [806, 222], [788, 240], [752, 402], [1076, 402], [572, 438], [896, 456], [1076, 474], [716, 546], [1004, 726], [500, 780]]","[1202, 11340]",,[],,False,940.4209217532341,540.0
5,2,9.008906364440918,13518,"[954, 270]",False,Left,False,0.0,False,1,True,"[[644, 108], [662, 126], [626, 162], [806, 216], [788, 234], [752, 396], [1076, 396], [572, 432], [896, 450], [1076, 468], [716, 540], [1004, 720], [500, 774]]","[1210, 11334]",,[],,False,948.1287711526024,534.0
5,2,9.035156011581421,13518,"[954, 270]",False,Left,False,0.0,False,1,True,"[[652, 102], [670, 120], [634, 156], [814, 210], [796, 228], [760, 390], [1084, 390], [580, 426], [904, 444], [1084, 462], [724, 534], [1012, 714], [508, 768]]","[1222, 11328]",,[],,False,960.0425767844345,528.0
5,2,9.052743434906006,13518,"[954, 270]",False,Left,False,0.0,False,1,True,"[[664, 96], [682, 114], [646, 150], [826, 204], [808, 222], [772, 384], [1096, 384], [592, 420], [916, 438], [1096, 456], [736, 528], [1024, 708], [520, 762]]","[1227, 11322]",,[],,False,965.5437927424108,522.0
5,2,9.06882905960083,13518,"[954, 270]",False,,False,0.0,False,1,True,"[[669, 90], [687, 108], [651, 144], [831, 198], [813, 216], [777, 378], [1101, 378], [597, 414], [921, 432], [1101, 450], [741, 522], [1029, 702], [525, 756]]","[1232, 11316]",,[],,False,969.8876345056823,516.0
5,2,9.085512638092041,13518,"[954, 270]",False,,False,0.0,False,1,True,"[[674, 84], [692, 102], [656, 138], [836, 192], [818, 210], [782, 372], [1106, 372], [602, 408], [926, 426], [1106, 444], [746, 516], [1034, 696], [530, 750]]","[1232, 11310]",,[],,False,969.8876345056823,510.0
5,2,9.101140260696411,13518,"[954, 270]",False,,False,0.0,False,1,True,"[[674, 78], [692, 96], [656, 132], [836, 186], [818, 204], [782, 366], [1106, 366], [602, 402], [926, 420], [1106, 438], [746, 510], [1034, 690], [530, 744]]","[1232, 11304]",,[],,False,970.8876345056823,504.0
5,2,9.11695647239685,13518,"[954, 270]",False,,False,0.0,False,1,True,"[[674, 72], [692, 90], [656, 126], [836, 180], [818, 198], [782, 360], [1106, 360], [602, 396], [926, 414], [1106, 432], [746, 504], [1034, 684], [530, 738]]","[1232, 11298]",,[],,False,970.8876345056823,497.0
5,2,9.132669687271118,13518,"[954, 270]",False,,False,0.0,False,1,True,"[[674, 66], [692, 84], [656, 120], [836, 174], [818, 192], [782, 354], [1106, 354], [602, 390], [926, 408], [1106, 426], [746, 498], [1034, 678], [530, 732]]","[1232, 11292]",,[],,False,969.8876345056823,491.0
5,2,9.149188995361328,13518,"[954, 270]",False,,False,0.0,False,1,True,"[[674, 60], [692, 78], [656, 114], [836, 168], [818, 186], [782, 348], [1106, 348], [602, 384], [926, 402], [1106, 420], [746, 492], [1034, 672], [530, 726]]","[1232, 11286]",,[],,False,969.8876345056823,486.0
5,2,9.16479229927063,13518,"[954, 270]",False,,False,0.0,False,1,True,"[[674, 54], [692, 72], [656, 108], [836, 162], [818, 180], [782, 342], [1106, 342], [602, 378], [926, 396], [1106, 414], [746, 486], [1034, 666], [530, 720]]","[1232, 11280]",,[],,False,970.8876345056823,480.0
5,2,9.181485176086426,13518,"[954, 270]",False,,False,0.0,False,1,True,"[[674, 48], [692, 66], [656, 102], [836, 156], [818, 174], [782, 336], [1106, 336], [602, 372], [926, 390], [1106, 408], [746, 480], [1034, 660], [530, 714]]","[1232, 11274]",,[],,False,971.8876345056823,473.0
5,2,9.197586059570312,13518,"[954, 270]",False,,False,0.0,False,1,True,"[[674, 42], [692, 60], [656, 96], [836, 150], [818, 168], [782, 330], [1106, 330], [602, 366], [926, 384], [1106, 402], [746, 474], [1034, 654], [530, 708]]","[1232, 11268]",,[],,False,971.8876345056823,466.0
5,2,9.214379787445068,13518,"[954, 270]",False,,False,0.0,False,1,True,"[[674, 36], [692, 54], [656, 90], [836, 144], [818, 162], [782, 324], [1106, 324], [602, 360], [926, 378], [1106, 396], [746, 468], [1034, 648], [530, 702]]","[1232, 11262]",,[],,False,970.8876345056823,459.0
5,2,9.229705333709717,13518,"[954, 270]",False,,False,0.0,False,1,True,"[[674, 30], [692, 48], [656, 84], [836, 138], [818, 156], [782, 318], [1106, 318], [602, 354], [926, 372], [1106, 390], [746, 462], [1034, 642], [530, 696]]","[1232, 11256]",,[],,False,971.8876345056823,454.0
5,2,9.2460298538208,13518,"[954, 270]",False,,False,0.0,False,1,True,"[[674, 24], [692, 42], [656, 78], [836, 132], [818, 150], [782, 312], [1106, 312], [602, 348], [926, 366], [1106, 384], [746, 456], [1034, 636], [530, 690]]","[1232, 11250]",,[],,False,971.8876345056823,447.0
5,2,9.262267589569092,13518,"[954, 270]",False,,False,0.0,False,1,True,"[[674, 18], [692, 36], [656, 72], [836, 126], [818, 144], [782, 306], [1106, 306], [602, 342], [926, 360], [1106, 378], [746, 450], [1034, 630], [530, 684]]","[1232, 11244]",,[],,False,970.8876345056823,442.0
5,2,9.277874946594238,13518,"[954, 270]",False,,False,0.0,False,1,True,"[[674, 12], [692, 30], [656, 66], [836, 120], [818, 138], [782, 300], [1106, 300], [602, 336], [926, 354], [1106, 372], [746, 444], [1034, 624], [530, 678]]","[1232, 11238]",,[],,False,971.8876345056823,437.0
5,2,9.294463872909546,13518,"[954, 270]",False,,False,0.0,False,1,True,"[[674, 6], [692, 24], [656, 60], [836, 114], [818, 132], [782, 294], [1106, 294], [602, 330], [926, 348], [1106, 366], [746, 438], [1034, 618], [530, 672]]","[1232, 11232]",,[],,False,970.8876345056823,432.0
5,2,9.309760332107544,13518,"[954, 270]",False,,False,0.0,False,1,True,"[[674, 0], [692, 18], [656, 54], [836, 108], [818, 126], [782, 288], [1106, 288], [602, 324], [926, 342], [1106, 360], [746, 432], [1034, 612], [530, 666]]","[1232, 11226]",,[],,False,969.8876345056823,425.0
5,2,9.326079607009888,13518,"[954, 270]",False,,False,0.0,False,1,True,"[[692, 12], [656, 48], [836, 102], [818, 120], [782, 282], [1106, 282], [602, 318], [926, 336], [1106, 354], [746, 426], [1034, 606], [530, 660]]","[1232, 11220]",,[],,False,969.8876345056823,418.0
5,2,9.34212851524353,13518,"[954, 270]",False,,False,0.0,False,1,True,"[[692, 6], [656, 42], [836, 96], [818, 114], [782, 276], [1106, 276], [602, 312], [926, 330], [1106, 348], [746, 420], [1034, 600], [530, 654]]","[1232, 11214]",,[],,False,970.8876345056823,412.0
5,2,9.357766389846802,13518,"[954, 270]",False,Left,False,0.0,False,1,True,"[[692, 0], [656, 36], [836, 90], [818, 108], [782, 270], [1106, 270], [602, 306], [926, 324], [1106, 342], [746, 414], [1034, 594], [530, 648]]","[1232, 11208]",,[],,True,656,581
5,2,9.43707275390625,13518,"[954, 270]",False,Left,False,0.0,False,1,True,"[[656, 30], [836, 84], [818, 102], [782, 264], [1106, 264], [602, 300], [926, 318], [1106, 336], [746, 408], [1034, 588], [530, 642]]","[1241, 11202]",,[],,False,664.2911621949106,574.0
5,2,9.457140684127808,13518,"[954, 270]",False,Left,False,0.0,False,1,True,"[[665, 24], [845, 78], [827, 96], [791, 258], [1115, 258], [611, 294], [935, 312], [1115, 330], [755, 402], [1043, 582], [539, 636]]","[1232, 11196]",,[],,False,655.775624766922,569.0
5,2,9.476597309112549,13518,"[954, 270]",False,Left,False,0.0,False,1,True,"[[656, 18], [836, 72], [818, 90], [782, 252], [1106, 252], [602, 288], [926, 306], [1106, 324], [746, 396], [1034, 576], [530, 630]]","[1235, 11190]",,[],,False,657.988821649667,562.0
5,2,9.493154764175415,13518,"[954, 270]",False,Left,False,0.0,False,1,True,"[[659, 12], [839, 66], [821, 84], [785, 246], [1109, 246], [605, 282], [929, 300], [1109, 318], [749, 390], [1037, 570], [533, 624]]","[1240, 11184]",,[],,False,664.4153811411035,555.0
5,2,9.509203672409058,13518,"[954, 270]",False,Left,False,0.0,False,1,True,"[[664, 6], [844, 60], [826, 78], [790, 240], [1114, 240], [610, 276], [934, 294], [1114, 312], [754, 384], [1042, 564], [538, 618]]","[1246, 11178]",,[],,False,669.8539719540374,549.0
5,2,9.524963855743408,13518,"[954, 270]",False,Left,False,0.0,False,1,True,"[[670, 0], [850, 54], [832, 72], [796, 234], [1120, 234], [616, 270], [940, 288], [1120, 306], [760, 378], [1048, 558], [544, 612]]","[1254, 11172]",,[],,False,677.9171862164661,543.0
5,2,9.541264057159424,13518,"[954, 270]",False,Left,False,0.0,False,1,True,"[[858, 48], [840, 66], [804, 228], [1128, 228], [624, 264], [948, 282], [1128, 300], [768, 372], [1056, 552], [552, 606]]","[1250, 11166]",,[],,False,672.9921737039115,536.0
5,2,9.557528257369995,13518,"[954, 270]",False,Left,False,0.0,False,1,True,"[[854, 42], [836, 60], [800, 222], [1124, 222], [620, 258], [944, 276], [1124, 294], [764, 366], [1052, 546], [548, 600]]","[1258, 11160]",,[],,False,681.8396005845268,531.0
5,2,9.573138952255249,13518,"[954, 270]",True,Left,False,0.0,False,1,True,"[[862, 36], [844, 54], [808, 216], [1132, 216], [628, 252], [952, 270], [1132, 288], [772, 360], [1060, 540], [556, 594]]","[1261, 11154]",,[],,False,685.0625657840238,525.0
5,2,9.588759422302246,13518,"[954, 270]",True,Left,False,0.0,False,1,True,"[[865, 30], [847, 48], [811, 210], [1135, 210], [631, 246], [955, 264], [1135, 282], [775, 354], [1063, 534], [559, 588]]","[1261, 11154]",,[],,False,685.0625657840238,525.0
